G,H,Y,S,T,U,V,W,X,Z
AA,A,2267.0,1,-1,1,-1,1,-1,-1
AA,B,3856.0,-1,1,-1,-1,1,-1,1
AA,C,1567.0,-1,-1,-1,1,1,1,-1
AA,D,1732.0,1,1,-1,1,-1,-1,-1
AA,E,2660.0,1,-1,-1,-1,-1,1,1
AA,F,2763.0,-1,1,1,-1,-1,1,-1
AA,G,3528.0,-1,-1,1,1,-1,-1,1
AA,H,1741.0,1,1,1,1,1,1,1
AA,I,3692.0,1,-1,1,-1,1,-1,-1
AA,J,1949.0,-1,1,-1,-1,1,-1,1
AA,K,2189.0,-1,-1,-1,1,1,1,-1
AA,L,2207.0,1,1,-1,1,-1,-1,-1
AA,M,2078.0,1,-1,-1,-1,-1,1,1
AA,N,1901.0,-1,1,1,-1,-1,1,-1
AA,O,4015.0,-1,-1,1,1,-1,-1,1
AA,P,1880.0,1,1,1,1,1,1,1
AA,Q,1444.0,1,-1,1,-1,1,-1,-1
AA,R,1683.0,-1,1,-1,-1,1,-1,1
AA,S,2037.0,-1,-1,-1,1,1,1,-1
AA,T,1168.0,1,1,-1,1,-1,-1,-1
AA,U,1930.0,1,-1,-1,-1,-1,1,1
AA,V,1843.0,-1,1,1,-1,-1,1,-1
AA,W,4969.0,-1,-1,1,1,-1,-1,1
AA,X,1798.0,1,1,1,1,1,1,1
AA,Y,2436.0,1,-1,1,-1,1,-1,-1
AA,Z,2018.0,-1,1,-1,-1,1,-1,1
AA,a,2278.0,-1,-1,-1,1,1,1,-1
AA,b,1866.0,1,1,-1,1,-1,-1,-1
AA,c,1743.0,1,-1,-1,-1,-1,1,1
AA,d,1963.0,-1,1,1,-1,-1,1,-1
AA,e,2542.0,-1,-1,1,1,-1,-1,1
AA,f,1460.0,1,1,1,1,1,1,1
AB,A,1126.0,1,1,-1,1,-1,-1,-1
AB,B,2053.0,1,-1,-1,-1,-1,1,1
AB,C,1246.0,-1,1,1,-1,-1,1,-1
AB,D,4236.0,-1,-1,1,1,-1,-1,1
AB,E,1238.0,1,1,1,1,1,1,1
AB,F,2964.0,1,-1,1,-1,1,-1,-1
AB,G,1245.0,-1,1,-1,-1,1,-1,1
AB,H,5143.65,-1,-1,-1,1,1,1,-1
AB,I,1568.0,1,1,-1,1,-1,-1,-1
AB,J,1028.0,1,-1,-1,-1,-1,1,1
AB,K,1188.0,-1,1,1,-1,-1,1,-1
AB,L,3529.0,-1,-1,1,1,-1,-1,1
AB,M,1156.0,1,1,1,1,1,1,1
AB,N,5143.65,1,-1,1,-1,1,-1,-1
AB,O,2753.0,-1,1,-1,-1,1,-1,1
AB,P,2221.0,-1,-1,-1,1,1,1,-1
AB,Q,1304.0,1,1,-1,1,-1,-1,-1
AB,R,1482.0,1,-1,-1,-1,-1,1,1
AB,S,1616.0,-1,1,1,-1,-1,1,-1
AB,T,1188.0,-1,-1,1,1,-1,-1,1
AB,U,1209.0,1,1,1,1,1,1,1
AB,V,2044.0,1,-1,1,-1,1,-1,-1
AB,W,1524.0,-1,1,-1,-1,1,-1,1
AB,X,2979.0,-1,-1,-1,1,1,1,-1
AB,Y,1254.0,1,1,-1,1,-1,-1,-1
AB,Z,3080.0,1,-1,-1,-1,-1,1,1
AB,a,1176.0,-1,1,1,-1,-1,1,-1
AB,b,1686.0,-1,-1,1,1,-1,-1,1
AB,c,1262.0,1,1,1,1,1,1,1
AB,d,1902.0,1,-1,1,-1,1,-1,-1
AB,e,1941.0,-1,1,-1,-1,1,-1,1
AB,f,1521.0,-1,-1,-1,1,1,1,-1
AC,A,2107.0,1,-1,1,-1,1,-1,-1
AC,B,4977.0,-1,1,-1,-1,1,-1,1
AC,C,1828.0,-1,-1,-1,1,1,1,-1
AC,D,3595.0,1,1,-1,1,-1,-1,-1
AC,E,3001.0,1,-1,-1,-1,-1,1,1
AC,F,3245.0,-1,1,1,-1,-1,1,-1
AC,G,3249.0,-1,-1,1,1,-1,-1,1
AC,H,1982.0,1,1,1,1,1,1,1
AC,I,3051.0,1,-1,1,-1,1,-1,-1
AC,J,1709.0,-1,1,-1,-1,1,-1,1
AC,K,3872.0,-1,-1,-1,1,1,1,-1
AC,L,2888.0,1,1,-1,1,-1,-1,-1
AC,M,1537.0,1,-1,-1,-1,-1,1,1
AC,N,2542.0,-1,1,1,-1,-1,1,-1
AC,O,3634.0,-1,-1,1,1,-1,-1,1
AC,P,3142.0,1,1,1,1,1,1,1
AC,Q,1544.0,1,-1,1,-1,1,-1,-1
AC,R,1782.0,-1,1,-1,-1,1,-1,1
AC,S,1657.0,-1,-1,-1,1,1,1,-1
AC,T,1429.0,1,1,-1,1,-1,-1,-1
AC,U,2551.0,1,-1,-1,-1,-1,1,1
AC,V,3045.0,-1,1,1,-1,-1,1,-1
AC,W,2245.0,-1,-1,1,1,-1,-1,1
AC,X,1858.0,1,1,1,1,1,1,1
AC,Y,2736.0,1,-1,1,-1,1,-1,-1
AC,Z,2017.0,-1,1,-1,-1,1,-1,1
AC,a,3059.0,-1,-1,-1,1,1,1,-1
AC,b,2026.0,1,1,-1,1,-1,-1,-1
AC,c,2043.0,1,-1,-1,-1,-1,1,1
AC,d,3164.0,-1,1,1,-1,-1,1,-1
AC,e,1881.0,-1,-1,1,1,-1,-1,1
AC,f,1800.0,1,1,1,1,1,1,1
AD,A,1506.0,1,1,1,1,1,1,1
AD,B,1532.0,1,-1,1,-1,1,-1,-1
AD,C,1528.0,-1,1,-1,-1,1,-1,1
AD,D,1492.0,-1,-1,-1,1,1,1,-1
AD,E,1078.0,1,1,-1,1,-1,-1,-1
AD,F,2283.0,1,-1,-1,-1,-1,1,1
AD,G,2307.0,-1,1,1,-1,-1,1,-1
AD,H,2702.0,-1,-1,1,1,-1,-1,1
AD,I,1668.0,1,1,1,1,1,1,1
AD,J,988.0,1,-1,1,-1,1,-1,-1
AD,K,1268.0,-1,1,-1,-1,1,-1,1
AD,L,3569.0,-1,-1,-1,1,1,1,-1
AD,M,1176.0,1,1,-1,1,-1,-1,-1
AD,N,2702.0,1,-1,-1,-1,-1,1,1
AD,O,1691.0,-1,1,1,-1,-1,1,-1
AD,P,2381.0,-1,-1,1,1,-1,-1,1
AD,Q,1244.0,1,1,1,1,1,1,1
AD,R,1862.0,1,-1,1,-1,1,-1,-1
AD,S,1216.0,-1,1,-1,-1,1,-1,1
AD,T,1108.0,-1,-1,-1,1,1,1,-1
AD,U,1549.0,1,1,-1,1,-1,-1,-1
AD,V,1483.0,1,-1,-1,-1,-1,1,1
AD,W,3547.0,-1,1,1,-1,-1,1,-1
AD,X,2939.0,-1,-1,1,1,-1,-1,1
AD,Y,1535.0,1,1,1,1,1,1,1
AD,Z,1738.0,1,-1,1,-1,1,-1,-1
AD,a,856.0,-1,1,-1,-1,1,-1,1
AD,b,3048.0,-1,-1,-1,1,1,1,-1
AD,c,1362.0,1,1,-1,1,-1,-1,-1
AD,d,1621.0,1,-1,-1,-1,-1,1,1
AD,e,1941.0,-1,1,1,-1,-1,1,-1
AD,f,1801.0,-1,-1,1,1,-1,-1,1
AE,A,2087.0,-1,1,1,-1,-1,1,-1
AE,B,2453.0,-1,-1,1,1,-1,-1,1
AE,C,2148.0,1,1,1,1,1,1,1
AE,D,2474.0,1,-1,1,-1,1,-1,-1
AE,E,1419.0,-1,1,-1,-1,1,-1,1
AE,F,4626.0,-1,-1,-1,1,1,1,-1
AE,G,2127.0,1,1,-1,1,-1,-1,-1
AE,H,2923.0,1,-1,-1,-1,-1,1,1
AE,I,1969.0,-1,1,1,-1,-1,1,-1
AE,J,3110.0,-1,-1,1,1,-1,-1,1
AE,K,1709.0,1,1,1,1,1,1,1
AE,L,3269.0,1,-1,1,-1,1,-1,-1
AE,M,1637.0,-1,1,-1,-1,1,-1,1
AE,N,5143.65,-1,-1,-1,1,1,1,-1
AE,O,1711.0,1,1,-1,1,-1,-1,-1
AE,P,2822.0,1,-1,-1,-1,-1,1,1
AE,Q,2406.0,-1,1,1,-1,-1,1,-1
AE,R,3084.0,-1,-1,1,1,-1,-1,1
AE,S,2338.0,1,1,1,1,1,1,1
AE,T,1849.0,1,-1,1,-1,1,-1,-1
AE,U,1409.0,-1,1,-1,-1,1,-1,1
AE,V,5143.65,-1,-1,-1,1,1,1,-1
AE,W,2906.0,1,1,-1,1,-1,-1,-1
AE,X,5142.0,1,-1,-1,-1,-1,1,1
AE,Y,2596.0,-1,1,1,-1,-1,1,-1
AE,Z,2298.0,-1,-1,1,1,-1,-1,1
AE,a,2398.0,1,1,1,1,1,1,1
AE,b,3248.0,1,-1,1,-1,1,-1,-1
AE,c,1042.0,-1,1,-1,-1,1,-1,1
AE,d,3504.0,-1,-1,-1,1,1,1,-1
AE,e,1921.0,1,1,-1,1,-1,-1,-1
AE,f,2001.0,1,-1,-1,-1,-1,1,1
AF,A,1726.0,-1,-1,1,1,-1,-1,1
AF,B,2233.0,1,1,1,1,1,1,1
AF,C,2588.0,1,-1,1,-1,1,-1,-1
AF,D,1171.0,-1,1,-1,-1,1,-1,1
AF,E,2480.0,-1,-1,-1,1,1,1,-1
AF,F,1903.0,1,1,-1,1,-1,-1,-1
AF,G,5143.65,1,-1,-1,-1,-1,1,1
AF,H,1581.0,-1,1,1,-1,-1,1,-1
AF,I,2470.0,-1,-1,1,1,-1,-1,1
AF,J,1889.0,1,1,1,1,1,1,1
AF,K,2049.0,1,-1,1,-1,1,-1,-1
AF,L,1386.0,-1,1,-1,-1,1,-1,1
AF,M,1757.0,-1,-1,-1,1,1,1,-1
AF,N,1801.0,1,1,-1,1,-1,-1,-1
AF,O,1291.0,1,-1,-1,-1,-1,1,1
AF,P,1179.0,-1,1,1,-1,-1,1,-1
AF,Q,1504.0,-1,-1,1,1,-1,-1,1
AF,R,921.0,1,1,1,1,1,1,1
AF,S,3179.0,1,-1,1,-1,1,-1,-1
AF,T,1568.0,-1,1,-1,-1,1,-1,1
AF,U,1870.0,-1,-1,-1,1,1,1,-1
AF,V,1222.0,1,1,-1,1,-1,-1,-1
AF,W,2886.0,1,-1,-1,-1,-1,1,1
AF,X,1237.0,-1,1,1,-1,-1,1,-1
AF,Y,1695.0,-1,-1,1,1,-1,-1,1
AF,Z,2057.0,1,1,1,1,1,1,1
AF,a,2138.0,1,-1,1,-1,1,-1,-1
AF,b,2046.0,-1,1,-1,-1,1,-1,1
AF,c,2364.0,-1,-1,-1,1,1,1,-1
AF,d,2523.0,1,1,-1,1,-1,-1,-1
AF,e,2262.0,1,-1,-1,-1,-1,1,1
AF,f,1520.0,-1,1,1,-1,-1,1,-1
AG,A,2247.0,-1,1,-1,-1,1,-1,1
AG,B,2674.0,-1,-1,-1,1,1,1,-1
AG,C,1927.0,1,1,-1,1,-1,-1,-1
AG,D,5143.65,1,-1,-1,-1,-1,1,1
AG,E,1999.0,-1,1,1,-1,-1,1,-1
AG,F,1923.0,-1,-1,1,1,-1,-1,1
AG,G,2047.0,1,1,1,1,1,1,1
AG,H,5143.65,1,-1,1,-1,1,-1,-1
AG,I,2069.0,-1,1,-1,-1,1,-1,1
AG,J,1488.0,-1,-1,-1,1,1,1,-1
AG,K,1849.0,1,1,-1,1,-1,-1,-1
AG,L,3489.0,1,-1,-1,-1,-1,1,1
AG,M,2478.0,-1,1,1,-1,-1,1,-1
AG,N,2441.0,-1,-1,1,1,-1,-1,1
AG,O,1271.0,1,1,1,1,1,1,1
AG,P,2582.0,1,-1,1,-1,1,-1,-1
AG,Q,1624.0,-1,1,-1,-1,1,-1,1
AG,R,2283.0,-1,-1,-1,1,1,1,-1
AG,S,1797.0,1,1,-1,1,-1,-1,-1
AG,T,1328.0,1,-1,-1,-1,-1,1,1
AG,U,1649.0,-1,1,1,-1,-1,1,-1
AG,V,2445.0,-1,-1,1,1,-1,-1,1
AG,W,2245.0,1,1,1,1,1,1,1
AG,X,2478.0,1,-1,1,-1,1,-1,-1
AG,Y,1795.0,-1,1,-1,-1,1,-1,1
AG,Z,2638.0,-1,-1,-1,1,1,1,-1
AG,a,976.0,1,1,-1,1,-1,-1,-1
AG,b,2146.0,1,-1,-1,-1,-1,1,1
AG,c,1843.0,-1,1,1,-1,-1,1,-1
AG,d,3204.0,-1,-1,1,1,-1,-1,1
AG,e,1741.0,1,1,1,1,1,1,1
AG,f,1841.0,1,-1,1,-1,1,-1,-1
AH,A,1385.0,-1,-1,-1,1,1,1,-1
AH,B,1492.0,1,1,-1,1,-1,-1,-1
AH,C,2168.0,1,-1,-1,-1,-1,1,1
AH,D,951.0,-1,1,1,-1,-1,1,-1
AH,E,2160.0,-1,-1,1,1,-1,-1,1
AH,F,1362.0,1,1,1,1,1,1,1
AH,G,4290.0,1,-1,1,-1,1,-1,-1
AH,H,860.0,-1,1,-1,-1,1,-1,1
AH,I,1869.0,-1,-1,-1,1,1,1,-1
AH,J,928.0,1,1,-1,1,-1,-1,-1
AH,K,4532.0,1,-1,-1,-1,-1,1,1
AH,L,1847.0,-1,1,1,-1,-1,1,-1
AH,M,1397.0,-1,-1,1,1,-1,-1,1
AH,N,1460.0,1,1,1,1,1,1,1
AH,O,1571.0,1,-1,1,-1,1,-1,-1
AH,P,1059.0,-1,1,-1,-1,1,-1,1
AH,Q,1204.0,-1,-1,-1,1,1,1,-1
AH,R,1101.0,1,1,-1,1,-1,-1,-1
AH,S,1697.0,1,-1,-1,-1,-1,1,1
AH,T,1108.0,-1,1,1,-1,-1,1,-1
AH,U,1429.0,-1,-1,1,1,-1,-1,1
AH,V,1424.0,1,1,1,1,1,1,1
AH,W,1604.0,1,-1,1,-1,1,-1,-1
AH,X,936.0,-1,1,-1,-1,1,-1,1
AH,Y,2416.0,-1,-1,-1,1,1,1,-1
AH,Z,1216.0,1,1,-1,1,-1,-1,-1
AH,a,1738.0,1,-1,-1,-1,-1,1,1
AH,b,2286.0,-1,1,1,-1,-1,1,-1
AH,c,3114.0,-1,-1,1,1,-1,-1,1
AH,d,1842.0,1,1,1,1,1,1,1
AH,e,1781.0,1,-1,1,-1,1,-1,-1
AH,f,1039.0,-1,1,-1,-1,1,-1,1
AI,A,1486.0,1,-1,-1,-1,-1,1,1
AI,B,1492.0,-1,1,1,-1,-1,1,-1
AI,C,1687.0,-1,-1,1,1,-1,-1,1
AI,D,1171.0,1,1,1,1,1,1,1
AI,E,1719.0,1,-1,1,-1,1,-1,-1
AI,F,1301.0,-1,1,-1,-1,1,-1,1
AI,G,2427.0,-1,-1,-1,1,1,1,-1
AI,H,1181.0,1,1,-1,1,-1,-1,-1
AI,I,1168.0,1,-1,-1,-1,-1,1,1
AI,J,1228.0,-1,1,1,-1,-1,1,-1
AI,K,1689.0,-1,-1,1,1,-1,-1,1
AI,L,2408.0,1,1,1,1,1,1,1
AI,M,3119.0,1,-1,1,-1,1,-1,-1
AI,N,1621.0,-1,1,-1,-1,1,-1,1
AI,O,1531.0,-1,-1,-1,1,1,1,-1
AI,P,1219.0,1,1,-1,1,-1,-1,-1
AI,Q,1644.0,1,-1,-1,-1,-1,1,1
AI,R,1241.0,-1,1,1,-1,-1,1,-1
AI,S,1977.0,-1,-1,1,1,-1,-1,1
AI,T,1128.0,1,1,1,1,1,1,1
AI,U,1369.0,1,-1,1,-1,1,-1,-1
AI,V,1333.0,-1,1,-1,-1,1,-1,1
AI,W,1784.0,-1,-1,-1,1,1,1,-1
AI,X,1237.0,1,1,-1,1,-1,-1,-1
AI,Y,1174.0,1,-1,-1,-1,-1,1,1
AI,Z,1737.0,-1,1,1,-1,-1,1,-1
AI,a,1877.0,-1,-1,1,1,-1,-1,1
AI,b,1245.0,1,1,1,1,1,1,1
AI,c,1202.0,1,-1,1,-1,1,-1,-1
AI,d,1141.0,-1,1,-1,-1,1,-1,1
AI,e,1120.0,-1,-1,-1,1,1,1,-1
AI,f,1140.0,1,1,-1,1,-1,-1,-1
AJ,A,2748.0,1,1,-1,1,-1,-1,-1
AJ,B,3315.0,1,-1,-1,-1,-1,1,1
AJ,C,2408.0,-1,1,1,-1,-1,1,-1
AJ,D,3114.0,-1,-1,1,1,-1,-1,1
AJ,E,2360.0,1,1,1,1,1,1,1
AJ,F,3986.0,1,-1,1,-1,1,-1,-1
AJ,G,2086.0,-1,1,-1,-1,1,-1,1
AJ,H,3724.0,-1,-1,-1,1,1,1,-1
AJ,I,1909.0,1,1,-1,1,-1,-1,-1
AJ,J,2169.0,1,-1,-1,-1,-1,1,1
AJ,K,1749.0,-1,1,1,-1,-1,1,-1
AJ,L,3850.0,-1,-1,1,1,-1,-1,1
AJ,M,2818.0,1,1,1,1,1,1,1
AJ,N,2983.0,1,-1,1,-1,1,-1,-1
AJ,O,2112.0,-1,1,-1,-1,1,-1,1
AJ,P,3202.0,-1,-1,-1,1,1,1,-1
AJ,Q,1805.0,1,1,-1,1,-1,-1,-1
AJ,R,3284.0,1,-1,-1,-1,-1,1,1
AJ,S,1917.0,-1,1,1,-1,-1,1,-1
AJ,T,1829.0,-1,-1,1,1,-1,-1,1
AJ,U,1810.0,1,1,1,1,1,1,1
AJ,V,2685.0,1,-1,1,-1,1,-1,-1
AJ,W,2385.0,-1,1,-1,-1,1,-1,1
AJ,X,2659.0,-1,-1,-1,1,1,1,-1
AJ,Y,1815.0,1,1,-1,1,-1,-1,-1
AJ,Z,3419.0,1,-1,-1,-1,-1,1,1
AJ,a,1537.0,-1,1,1,-1,-1,1,-1
AJ,b,2327.0,-1,-1,1,1,-1,-1,1
AJ,c,1563.0,1,1,1,1,1,1,1
AJ,d,4026.0,1,-1,1,-1,1,-1,-1
AJ,e,2261.0,-1,1,-1,-1,1,-1,1
AJ,f,3122.0,-1,-1,-1,1,1,1,-1
AK,A,905.0,-1,1,-1,-1,1,-1,1
AK,B,2554.0,-1,-1,-1,1,1,1,-1
AK,C,4211.0,1,1,-1,1,-1,-1,-1
AK,D,1953.0,1,-1,-1,-1,-1,1,1
AK,E,1940.0,-1,1,1,-1,-1,1,-1
AK,F,5143.65,-1,-1,1,1,-1,-1,1
AK,G,2667.0,1,1,1,1,1,1,1
AK,H,5143.65,1,-1,1,-1,1,-1,-1
AK,I,2189.0,-1,1,-1,-1,1,-1,1
AK,J,1769.0,-1,-1,-1,1,1,1,-1
AK,K,1248.0,1,1,-1,1,-1,-1,-1
AK,L,2688.0,1,-1,-1,-1,-1,1,1
AK,M,3680.0,-1,1,1,-1,-1,1,-1
AK,N,5143.65,-1,-1,1,1,-1,-1,1
AK,O,1851.0,1,1,1,1,1,1,1
AK,P,5143.65,1,-1,1,-1,1,-1,-1
AK,Q,1844.0,-1,1,-1,-1,1,-1,1
AK,R,1542.0,-1,-1,-1,1,1,1,-1
AK,S,1256.0,1,1,-1,1,-1,-1,-1
AK,T,1568.0,1,-1,-1,-1,-1,1,1
AK,U,1229.0,-1,1,1,-1,-1,1,-1
AK,V,5143.65,-1,-1,1,1,-1,-1,1
AK,W,3567.0,1,1,1,1,1,1,1
AK,X,4481.0,1,-1,1,-1,1,-1,-1
AK,Y,4059.0,-1,1,-1,-1,1,-1,1
AK,Z,3259.0,-1,-1,-1,1,1,1,-1
AK,a,1557.0,1,1,-1,1,-1,-1,-1
AK,b,1906.0,1,-1,-1,-1,-1,1,1
AK,c,5143.65,-1,1,1,-1,-1,1,-1
AK,d,2043.0,-1,-1,1,1,-1,-1,1
AK,e,1561.0,1,1,1,1,1,1,1
AK,f,2642.0,1,-1,1,-1,1,-1,-1
AL,A,1245.0,-1,-1,1,1,-1,-1,1
AL,B,2634.0,1,1,1,1,1,1,1
AL,C,2688.0,1,-1,1,-1,1,-1,-1
AL,D,1713.0,-1,1,-1,-1,1,-1,1
AL,E,1919.0,-1,-1,-1,1,1,1,-1
AL,F,1302.0,1,1,-1,1,-1,-1,-1
AL,G,3368.0,1,-1,-1,-1,-1,1,1
AL,H,1521.0,-1,1,1,-1,-1,1,-1
AL,I,2569.0,-1,-1,1,1,-1,-1,1
AL,J,947.0,1,1,1,1,1,1,1
AL,K,1448.0,1,-1,1,-1,1,-1,-1
AL,L,2187.0,-1,1,-1,-1,1,-1,1
AL,M,2397.0,-1,-1,-1,1,1,1,-1
AL,N,1059.0,1,1,-1,1,-1,-1,-1
AL,O,2873.0,1,-1,-1,-1,-1,1,1
AL,P,1319.0,-1,1,1,-1,-1,1,-1
AL,Q,1965.0,-1,-1,1,1,-1,-1,1
AL,R,1703.0,1,1,1,1,1,1,1
AL,S,1356.0,1,-1,1,-1,1,-1,-1
AL,T,1509.0,-1,1,-1,-1,1,-1,1
AL,U,1208.0,-1,-1,-1,1,1,1,-1
AL,V,1283.0,1,1,-1,1,-1,-1,-1
AL,W,4358.0,1,-1,-1,-1,-1,1,1
AL,X,1577.0,-1,1,1,-1,-1,1,-1
AL,Y,1795.0,-1,-1,1,1,-1,-1,1
AL,Z,1257.0,1,1,1,1,1,1,1
AL,a,2318.0,1,-1,1,-1,1,-1,-1
AL,b,1305.0,-1,1,-1,-1,1,-1,1
AL,c,2884.0,-1,-1,-1,1,1,1,-1
AL,d,2383.0,1,1,-1,1,-1,-1,-1
AL,e,2703.0,1,-1,-1,-1,-1,1,1
AL,f,1300.0,-1,1,1,-1,-1,1,-1
AM,A,1987.0,-1,1,1,-1,-1,1,-1
AM,B,4116.0,-1,-1,1,1,-1,-1,1
AM,C,2408.0,1,1,1,1,1,1,1
AM,D,4917.0,1,-1,1,-1,1,-1,-1
AM,E,2420.0,-1,1,-1,-1,1,-1,1
AM,F,2824.0,-1,-1,-1,1,1,1,-1
AM,G,2046.0,1,1,-1,1,-1,-1,-1
AM,H,2162.0,1,-1,-1,-1,-1,1,1
AM,I,2670.0,-1,1,1,-1,-1,1,-1
AM,J,2450.0,-1,-1,1,1,-1,-1,1
AM,K,2109.0,1,1,1,1,1,1,1
AM,L,3709.0,1,-1,1,-1,1,-1,-1
AM,M,3820.0,-1,1,-1,-1,1,-1,1
AM,N,2081.0,-1,-1,-1,1,1,1,-1
AM,O,2292.0,1,1,-1,1,-1,-1,-1
AM,P,4644.0,1,-1,-1,-1,-1,1,1
AM,Q,3186.0,-1,1,1,-1,-1,1,-1
AM,R,1502.0,-1,-1,1,1,-1,-1,1
AM,S,1757.0,1,1,1,1,1,1,1
AM,T,1528.0,1,-1,1,-1,1,-1,-1
AM,U,1549.0,-1,1,-1,-1,1,-1,1
AM,V,1604.0,-1,-1,-1,1,1,1,-1
AM,W,2004.0,1,1,-1,1,-1,-1,-1
AM,X,2579.0,1,-1,-1,-1,-1,1,1
AM,Y,1695.0,-1,1,1,-1,-1,1,-1
AM,Z,3039.0,-1,-1,1,1,-1,-1,1
AM,a,1837.0,1,1,1,1,1,1,1
AM,b,2747.0,1,-1,1,-1,1,-1,-1
AM,c,1382.0,-1,1,-1,-1,1,-1,1
AM,d,2563.0,-1,-1,-1,1,1,1,-1
AM,e,2442.0,1,1,-1,1,-1,-1,-1
AM,f,2182.0,1,-1,-1,-1,-1,1,1
AN,A,1706.0,1,1,1,1,1,1,1
AN,B,2093.0,1,-1,1,-1,1,-1,-1
AN,C,1688.0,-1,1,-1,-1,1,-1,1
AN,D,1973.0,-1,-1,-1,1,1,1,-1
AN,E,1418.0,1,1,-1,1,-1,-1,-1
AN,F,2404.0,1,-1,-1,-1,-1,1,1
AN,G,1545.0,-1,1,1,-1,-1,1,-1
AN,H,2041.0,-1,-1,1,1,-1,-1,1
AN,I,1748.0,1,1,1,1,1,1,1
AN,J,1228.0,1,-1,1,-1,1,-1,-1
AN,K,1508.0,-1,1,-1,-1,1,-1,1
AN,L,3368.0,-1,-1,-1,1,1,1,-1
AN,M,1777.0,1,1,-1,1,-1,-1,-1
AN,N,1901.0,1,-1,-1,-1,-1,1,1
AN,O,1391.0,-1,1,1,-1,-1,1,-1
AN,P,3082.0,-1,-1,1,1,-1,-1,1
AN,Q,1484.0,1,1,1,1,1,1,1
AN,R,1962.0,1,-1,1,-1,1,-1,-1
AN,S,1075.0,-1,1,-1,-1,1,-1,1
AN,T,1328.0,-1,-1,-1,1,1,1,-1
AN,U,1409.0,1,1,-1,1,-1,-1,-1
AN,V,1803.0,1,-1,-1,-1,-1,1,1
AN,W,2305.0,-1,1,1,-1,-1,1,-1
AN,X,3260.0,-1,-1,1,1,-1,-1,1
AN,Y,1554.0,1,1,1,1,1,1,1
AN,Z,1417.0,1,-1,1,-1,1,-1,-1
AN,a,1076.0,-1,1,-1,-1,1,-1,1
AN,b,1886.0,-1,-1,-1,1,1,1,-1
AN,c,1302.0,1,1,-1,1,-1,-1,-1
AN,d,2864.0,1,-1,-1,-1,-1,1,1
AN,e,1280.0,-1,1,1,-1,-1,1,-1
AN,f,2041.0,-1,-1,1,1,-1,-1,1
AO,A,1406.0,-1,-1,-1,1,1,1,-1
AO,B,1853.0,1,1,-1,1,-1,-1,-1
AO,C,1087.0,1,-1,-1,-1,-1,1,1
AO,D,1752.0,-1,1,1,-1,-1,1,-1
AO,E,1819.0,-1,-1,1,1,-1,-1,1
AO,F,1402.0,1,1,1,1,1,1,1
AO,G,2026.0,1,-1,1,-1,1,-1,-1
AO,H,2221.0,-1,1,-1,-1,1,-1,1
AO,I,1348.0,-1,-1,-1,1,1,1,-1
AO,J,1929.0,1,1,-1,1,-1,-1,-1
AO,K,1248.0,1,-1,-1,-1,-1,1,1
AO,L,3429.0,-1,1,1,-1,-1,1,-1
AO,M,1796.0,-1,-1,1,1,-1,-1,1
AO,N,1401.0,1,1,1,1,1,1,1
AO,O,1571.0,1,-1,1,-1,1,-1,-1
AO,P,3402.0,-1,1,-1,-1,1,-1,1
AO,Q,2045.0,-1,-1,-1,1,1,1,-1
AO,R,1422.0,1,1,-1,1,-1,-1,-1
AO,S,3039.0,1,-1,-1,-1,-1,1,1
AO,T,1689.0,-1,1,1,-1,-1,1,-1
AO,U,3832.0,-1,-1,1,1,-1,-1,1
AO,V,1203.0,1,1,1,1,1,1,1
AO,W,1524.0,1,-1,1,-1,1,-1,-1
AO,X,1136.0,-1,1,-1,-1,1,-1,1
AO,Y,2175.0,-1,-1,-1,1,1,1,-1
AO,Z,1797.0,1,1,-1,1,-1,-1,-1
AO,a,1296.0,1,-1,-1,-1,-1,1,1
AO,b,2527.0,-1,1,1,-1,-1,1,-1
AO,c,1602.0,-1,-1,1,1,-1,-1,1
AO,d,1882.0,1,1,1,1,1,1,1
AO,e,1741.0,1,-1,1,-1,1,-1,-1
AO,f,1460.0,-1,1,-1,-1,1,-1,1
AP,A,1246.0,1,-1,-1,-1,-1,1,1
AP,B,2133.0,-1,1,1,-1,-1,1,-1
AP,C,1647.0,-1,-1,1,1,-1,-1,1
AP,D,1372.0,1,1,1,1,1,1,1
AP,E,3281.0,1,-1,1,-1,1,-1,-1
AP,F,1322.0,-1,1,-1,-1,1,-1,1
AP,G,5143.65,-1,-1,-1,1,1,1,-1
AP,H,1601.0,1,1,-1,1,-1,-1,-1
AP,I,1668.0,1,-1,-1,-1,-1,1,1
AP,J,1628.0,-1,1,1,-1,-1,1,-1
AP,K,1768.0,-1,-1,1,1,-1,-1,1
AP,L,3428.0,1,1,1,1,1,1,1
AP,M,1877.0,1,-1,1,-1,1,-1,-1
AP,N,1620.0,-1,1,-1,-1,1,-1,1
AP,O,3515.0,-1,-1,-1,1,1,1,-1
AP,P,1239.0,1,1,-1,1,-1,-1,-1
AP,Q,1724.0,1,-1,-1,-1,-1,1,1
AP,R,1703.0,-1,1,1,-1,-1,1,-1
AP,S,2398.0,-1,-1,1,1,-1,-1,1
AP,T,1389.0,1,1,1,1,1,1,1
AP,U,1469.0,1,-1,1,-1,1,-1,-1
AP,V,1503.0,-1,1,-1,-1,1,-1,1
AP,W,2365.0,-1,-1,-1,1,1,1,-1
AP,X,1898.0,1,1,-1,1,-1,-1,-1
AP,Y,1615.0,1,-1,-1,-1,-1,1,1
AP,Z,1737.0,-1,1,1,-1,-1,1,-1
AP,a,1497.0,-1,-1,1,1,-1,-1,1
AP,b,2546.0,1,1,1,1,1,1,1
AP,c,1423.0,1,-1,1,-1,1,-1,-1
AP,d,1802.0,-1,1,-1,-1,1,-1,1
AP,e,2402.0,-1,-1,-1,1,1,1,-1
AP,f,1119.0,1,1,-1,1,-1,-1,-1
AQ,A,1545.0,1,1,-1,1,-1,-1,-1
AQ,B,1852.0,1,-1,-1,-1,-1,1,1
AQ,C,2468.0,-1,1,1,-1,-1,1,-1
AQ,D,5143.65,-1,-1,1,1,-1,-1,1
AQ,E,1339.0,1,1,1,1,1,1,1
AQ,F,2143.0,1,-1,1,-1,1,-1,-1
AQ,G,1405.0,-1,1,-1,-1,1,-1,1
AQ,H,4886.0,-1,-1,-1,1,1,1,-1
AQ,I,1608.0,1,1,-1,1,-1,-1,-1
AQ,J,1869.0,1,-1,-1,-1,-1,1,1
AQ,K,1168.0,-1,1,1,-1,-1,1,-1
AQ,L,4310.0,-1,-1,1,1,-1,-1,1
AQ,M,1476.0,1,1,1,1,1,1,1
AQ,N,5143.65,1,-1,1,-1,1,-1,-1
AQ,O,2833.0,-1,1,-1,-1,1,-1,1
AQ,P,2581.0,-1,-1,-1,1,1,1,-1
AQ,Q,2405.0,1,1,-1,1,-1,-1,-1
AQ,R,1483.0,1,-1,-1,-1,-1,1,1
AQ,S,1957.0,-1,1,1,-1,-1,1,-1
AQ,T,1949.0,-1,-1,1,1,-1,-1,1
AQ,U,1369.0,1,1,1,1,1,1,1
AQ,V,2925.0,1,-1,1,-1,1,-1,-1
AQ,W,1383.0,-1,1,-1,-1,1,-1,1
AQ,X,2759.0,-1,-1,-1,1,1,1,-1
AQ,Y,2276.0,1,1,-1,1,-1,-1,-1
AQ,Z,1617.0,1,-1,-1,-1,-1,1,1
AQ,a,1457.0,-1,1,1,-1,-1,1,-1
AQ,b,3408.0,-1,-1,1,1,-1,-1,1
AQ,c,1162.0,1,1,1,1,1,1,1
AQ,d,1522.0,1,-1,1,-1,1,-1,-1
AQ,e,2242.0,-1,1,-1,-1,1,-1,1
AQ,f,2121.0,-1,-1,-1,1,1,1,-1
AR,A,1346.0,1,-1,1,-1,1,-1,-1
AR,B,2744.0,-1,1,-1,-1,1,-1,1
AR,C,1687.0,-1,-1,-1,1,1,1,-1
AR,D,1953.0,1,1,-1,1,-1,-1,-1
AR,E,1719.0,1,-1,-1,-1,-1,1,1
AR,F,1322.0,-1,1,1,-1,-1,1,-1
AR,G,3649.0,-1,-1,1,1,-1,-1,1
AR,H,1220.0,1,1,1,1,1,1,1
AR,I,3851.0,1,-1,1,-1,1,-1,-1
AR,J,1168.0,-1,1,-1,-1,1,-1,1
AR,K,1248.0,-1,-1,-1,1,1,1,-1
AR,L,1987.0,1,1,-1,1,-1,-1,-1
AR,M,1857.0,1,-1,-1,-1,-1,1,1
AR,N,2262.0,-1,1,1,-1,-1,1,-1
AR,O,1772.0,-1,-1,1,1,-1,-1,1
AR,P,3503.0,1,1,1,1,1,1,1
AR,Q,1264.0,1,-1,1,-1,1,-1,-1
AR,R,1562.0,-1,1,-1,-1,1,-1,1
AR,S,2478.0,-1,-1,-1,1,1,1,-1
AR,T,1108.0,1,1,-1,1,-1,-1,-1
AR,U,1268.0,1,-1,-1,-1,-1,1,1
AR,V,1583.0,-1,1,1,-1,-1,1,-1
AR,W,2886.0,-1,-1,1,1,-1,-1,1
AR,X,1316.0,1,1,1,1,1,1,1
AR,Y,2636.0,1,-1,1,-1,1,-1,-1
AR,Z,1777.0,-1,1,-1,-1,1,-1,1
AR,a,1677.0,-1,-1,-1,1,1,1,-1
AR,b,1565.0,1,1,-1,1,-1,-1,-1
AR,c,1202.0,1,-1,-1,-1,-1,1,1
AR,d,1662.0,-1,1,1,-1,-1,1,-1
AR,e,2962.0,-1,-1,1,1,-1,-1,1
AR,f,1360.0,1,1,1,1,1,1,1
AS,A,2147.0,1,1,1,1,1,1,1
AS,B,3004.0,1,-1,1,-1,1,-1,-1
AS,C,2408.0,-1,1,-1,-1,1,-1,1
AS,D,4596.0,-1,-1,-1,1,1,1,-1
AS,E,1779.0,1,1,-1,1,-1,-1,-1
AS,F,2783.0,1,-1,-1,-1,-1,1,1
AS,G,3048.0,-1,1,1,-1,-1,1,-1
AS,H,2662.0,-1,-1,1,1,-1,-1,1
AS,I,2750.0,1,1,1,1,1,1,1
AS,J,1668.0,1,-1,1,-1,1,-1,-1
AS,K,2089.0,-1,1,-1,-1,1,-1,1
AS,L,3689.0,-1,-1,-1,1,1,1,-1
AS,M,2258.0,1,1,-1,1,-1,-1,-1
AS,N,4084.0,1,-1,-1,-1,-1,1,1
AS,O,2652.0,-1,1,1,-1,-1,1,-1
AS,P,2501.0,-1,-1,1,1,-1,-1,1
AS,Q,2445.0,1,1,1,1,1,1,1
AS,R,2824.0,1,-1,1,-1,1,-1,-1
AS,S,1857.0,-1,1,-1,-1,1,-1,1
AS,T,1369.0,-1,-1,-1,1,1,1,-1
AS,U,1749.0,1,1,-1,1,-1,-1,-1
AS,V,2805.0,1,-1,-1,-1,-1,1,1
AS,W,3046.0,-1,1,1,-1,-1,1,-1
AS,X,3480.0,-1,-1,1,1,-1,-1,1
AS,Y,1995.0,1,1,1,1,1,1,1
AS,Z,2799.0,1,-1,1,-1,1,-1,-1
AS,a,1657.0,-1,1,-1,-1,1,-1,1
AS,b,2106.0,-1,-1,-1,1,1,1,-1
AS,c,2705.0,1,1,-1,1,-1,-1,-1
AS,d,3485.0,1,-1,-1,-1,-1,1,1
AS,e,1801.0,-1,1,1,-1,-1,1,-1
AS,f,2041.0,-1,-1,1,1,-1,-1,1
AT,A,1325.0,-1,1,1,-1,-1,1,-1
AT,B,4596.0,-1,-1,1,1,-1,-1,1
AT,C,2228.0,1,1,1,1,1,1,1
AT,D,3735.0,1,-1,1,-1,1,-1,-1
AT,E,1458.0,-1,1,-1,-1,1,-1,1
AT,F,2102.0,-1,-1,-1,1,1,1,-1
AT,G,1866.0,1,1,-1,1,-1,-1,-1
AT,H,1981.0,1,-1,-1,-1,-1,1,1
AT,I,2069.0,-1,1,1,-1,-1,1,-1
AT,J,1588.0,-1,-1,1,1,-1,-1,1
AT,K,1628.0,1,1,1,1,1,1,1
AT,L,3228.0,1,-1,1,-1,1,-1,-1
AT,M,1477.0,-1,1,-1,-1,1,-1,1
AT,N,4725.0,-1,-1,-1,1,1,1,-1
AT,O,1651.0,1,1,-1,1,-1,-1,-1
AT,P,1980.0,1,-1,-1,-1,-1,1,1
AT,Q,1484.0,-1,1,1,-1,-1,1,-1
AT,R,2423.0,-1,-1,1,1,-1,-1,1
AT,S,1556.0,1,1,1,1,1,1,1
AT,T,1429.0,1,-1,1,-1,1,-1,-1
AT,U,1349.0,-1,1,-1,-1,1,-1,1
AT,V,2264.0,-1,-1,-1,1,1,1,-1
AT,W,2686.0,1,1,-1,1,-1,-1,-1
AT,X,2198.0,1,-1,-1,-1,-1,1,1
AT,Y,2396.0,-1,1,1,-1,-1,1,-1
AT,Z,1858.0,-1,-1,1,1,-1,-1,1
AT,a,1857.0,1,1,1,1,1,1,1
AT,b,2547.0,1,-1,1,-1,1,-1,-1
AT,c,1503.0,-1,1,-1,-1,1,-1,1
AT,d,2163.0,-1,-1,-1,1,1,1,-1
AT,e,1981.0,1,1,-1,1,-1,-1,-1
AT,f,2522.0,1,-1,-1,-1,-1,1,1
AU,A,1525.0,-1,1,-1,-1,1,-1,1
AU,B,5143.65,-1,-1,-1,1,1,1,-1
AU,C,3330.0,1,1,-1,1,-1,-1,-1
AU,D,1793.0,1,-1,-1,-1,-1,1,1
AU,E,1679.0,-1,1,1,-1,-1,1,-1
AU,F,4807.0,-1,-1,1,1,-1,-1,1
AU,G,1366.0,1,1,1,1,1,1,1
AU,H,5106.0,1,-1,1,-1,1,-1,-1
AU,I,2550.0,-1,1,-1,-1,1,-1,1
AU,J,1308.0,-1,-1,-1,1,1,1,-1
AU,K,2250.0,1,1,-1,1,-1,-1,-1
AU,L,3148.0,1,-1,-1,-1,-1,1,1
AU,M,2999.0,-1,1,1,-1,-1,1,-1
AU,N,5143.65,-1,-1,1,1,-1,-1,1
AU,O,1792.0,1,1,1,1,1,1,1
AU,P,4043.0,1,-1,1,-1,1,-1,-1
AU,Q,2245.0,-1,1,-1,-1,1,-1,1
AU,R,3164.0,-1,-1,-1,1,1,1,-1
AU,S,1816.0,1,1,-1,1,-1,-1,-1
AU,T,1649.0,1,-1,-1,-1,-1,1,1
AU,U,1389.0,-1,1,1,-1,-1,1,-1
AU,V,2204.0,-1,-1,1,1,-1,-1,1
AU,W,3888.0,1,1,1,1,1,1,1
AU,X,2899.0,1,-1,1,-1,1,-1,-1
AU,Y,1915.0,-1,1,-1,-1,1,-1,1
AU,Z,3480.0,-1,-1,-1,1,1,1,-1
AU,a,2338.0,1,1,-1,1,-1,-1,-1
AU,b,4008.0,1,-1,-1,-1,-1,1,1
AU,c,1803.0,-1,1,1,-1,-1,1,-1
AU,d,2984.0,-1,-1,1,1,-1,-1,1
AU,e,2102.0,1,1,1,1,1,1,1
AU,f,3183.0,1,-1,1,-1,1,-1,-1
AV,A,1826.0,-1,-1,-1,1,1,1,-1
AV,B,1552.0,1,1,-1,1,-1,-1,-1
AV,C,1567.0,1,-1,-1,-1,-1,1,1
AV,D,1632.0,-1,1,1,-1,-1,1,-1
AV,E,2460.0,-1,-1,1,1,-1,-1,1
AV,F,1662.0,1,1,1,1,1,1,1
AV,G,3569.0,1,-1,1,-1,1,-1,-1
AV,H,1561.0,-1,1,-1,-1,1,-1,1
AV,I,3832.0,-1,-1,-1,1,1,1,-1
AV,J,1288.0,1,1,-1,1,-1,-1,-1
AV,K,1348.0,1,-1,-1,-1,-1,1,1
AV,L,3709.0,-1,1,1,-1,-1,1,-1
AV,M,1577.0,-1,-1,1,1,-1,-1,1
AV,N,1601.0,1,1,1,1,1,1,1
AV,O,1471.0,1,-1,1,-1,1,-1,-1
AV,P,1680.0,-1,1,-1,-1,1,-1,1
AV,Q,1965.0,-1,-1,-1,1,1,1,-1
AV,R,1722.0,1,1,-1,1,-1,-1,-1
AV,S,1997.0,1,-1,-1,-1,-1,1,1
AV,T,1488.0,-1,1,1,-1,-1,1,-1
AV,U,1389.0,-1,-1,1,1,-1,-1,1
AV,V,1303.0,1,1,1,1,1,1,1
AV,W,3046.0,1,-1,1,-1,1,-1,-1
AV,X,1256.0,-1,1,-1,-1,1,-1,1
AV,Y,1715.0,-1,-1,-1,1,1,1,-1
AV,Z,1757.0,1,1,-1,1,-1,-1,-1
AV,a,1317.0,1,-1,-1,-1,-1,1,1
AV,b,2287.0,-1,1,1,-1,-1,1,-1
AV,c,1643.0,-1,-1,1,1,-1,-1,1
AV,d,2063.0,1,1,1,1,1,1,1
AV,e,1720.0,1,-1,1,-1,1,-1,-1
AV,f,1520.0,-1,1,-1,-1,1,-1,1
AW,A,1146.0,1,-1,-1,-1,-1,1,1
AW,B,3395.0,-1,1,1,-1,-1,1,-1
AW,C,1447.0,-1,-1,1,1,-1,-1,1
AW,D,1613.0,1,1,1,1,1,1,1
AW,E,2279.0,1,-1,1,-1,1,-1,-1
AW,F,1662.0,-1,1,-1,-1,1,-1,1
AW,G,4850.0,-1,-1,-1,1,1,1,-1
AW,H,1421.0,1,1,-1,1,-1,-1,-1
AW,I,2830.0,1,-1,-1,-1,-1,1,1
AW,J,1368.0,-1,1,1,-1,-1,1,-1
AW,K,2089.0,-1,-1,1,1,-1,-1,1
AW,L,2807.0,1,1,1,1,1,1,1
AW,M,2318.0,1,-1,1,-1,1,-1,-1
AW,N,1280.0,-1,1,-1,-1,1,-1,1
AW,O,1552.0,-1,-1,-1,1,1,1,-1
AW,P,1520.0,1,1,-1,1,-1,-1,-1
AW,Q,1424.0,1,-1,-1,-1,-1,1,1
AW,R,1002.0,-1,1,1,-1,-1,1,-1
AW,S,1757.0,-1,-1,1,1,-1,-1,1
AW,T,1849.0,1,1,1,1,1,1,1
AW,U,1369.0,1,-1,1,-1,1,-1,-1
AW,V,1123.0,-1,1,-1,-1,1,-1,1
AW,W,2646.0,-1,-1,-1,1,1,1,-1
AW,X,1197.0,1,1,-1,1,-1,-1,-1
AW,Y,1034.0,1,-1,-1,-1,-1,1,1
AW,Z,1297.0,-1,1,1,-1,-1,1,-1
AW,a,1457.0,-1,-1,1,1,-1,-1,1
AW,b,1465.0,1,1,1,1,1,1,1
AW,c,1923.0,1,-1,1,-1,1,-1,-1
AW,d,1342.0,-1,1,-1,-1,1,-1,1
AW,e,1100.0,-1,-1,-1,1,1,1,-1
AW,f,1240.0,1,1,-1,1,-1,-1,-1
AX,A,985.0,1,1,-1,1,-1,-1,-1
AX,B,1772.0,1,-1,-1,-1,-1,1,1
AX,C,1888.0,-1,1,1,-1,-1,1,-1
AX,D,4096.0,-1,-1,1,1,-1,-1,1
AX,E,1198.0,1,1,1,1,1,1,1
AX,F,2323.0,1,-1,1,-1,1,-1,-1
AX,G,1206.0,-1,1,-1,-1,1,-1,1
AX,H,1381.0,-1,-1,-1,1,1,1,-1
AX,I,1108.0,1,1,-1,1,-1,-1,-1
AX,J,1248.0,1,-1,-1,-1,-1,1,1
AX,K,1769.0,-1,1,1,-1,-1,1,-1
AX,L,5143.65,-1,-1,1,1,-1,-1,1
AX,M,1677.0,1,1,1,1,1,1,1
AX,N,2982.0,1,-1,1,-1,1,-1,-1
AX,O,1190.0,-1,1,-1,-1,1,-1,1
AX,P,2902.0,-1,-1,-1,1,1,1,-1
AX,Q,1403.0,1,1,-1,1,-1,-1,-1
AX,R,2864.0,1,-1,-1,-1,-1,1,1
AX,S,1697.0,-1,1,1,-1,-1,1,-1
AX,T,1047.0,-1,-1,1,1,-1,-1,1
AX,U,1169.0,1,1,1,1,1,1,1
AX,V,2124.0,1,-1,1,-1,1,-1,-1
AX,W,1845.0,-1,1,-1,-1,1,-1,1
AX,X,2338.0,-1,-1,-1,1,1,1,-1
AX,Y,1574.0,1,1,-1,1,-1,-1,-1
AX,Z,1437.0,1,-1,-1,-1,-1,1,1
AX,a,1617.0,-1,1,1,-1,-1,1,-1
AX,b,2006.0,-1,-1,1,1,-1,-1,1
AX,c,962.0,1,1,1,1,1,1,1
AX,d,2423.0,1,-1,1,-1,1,-1,-1
AX,e,2342.0,-1,1,-1,-1,1,-1,1
AX,f,2541.0,-1,-1,-1,1,1,1,-1
AY,A,1446.0,-1,-1,-1,1,1,1,-1
AY,B,2394.0,1,1,-1,1,-1,-1,-1
AY,C,1988.0,1,-1,-1,-1,-1,1,1
AY,D,1993.0,-1,1,1,-1,-1,1,-1
AY,E,2981.0,-1,-1,1,1,-1,-1,1
AY,F,1762.0,1,1,1,1,1,1,1
AY,G,5143.65,1,-1,1,-1,1,-1,-1
AY,H,1280.0,-1,1,-1,-1,1,-1,1
AY,I,1628.0,-1,-1,-1,1,1,1,-1
AY,J,1288.0,1,1,-1,1,-1,-1,-1
AY,K,1729.0,1,-1,-1,-1,-1,1,1
AY,L,2908.0,-1,1,1,-1,-1,1,-1
AY,M,1957.0,-1,-1,1,1,-1,-1,1
AY,N,1740.0,1,1,1,1,1,1,1
AY,O,1912.0,1,-1,1,-1,1,-1,-1
AY,P,2321.0,-1,1,-1,-1,1,-1,1
AY,Q,1243.0,-1,-1,-1,1,1,1,-1
AY,R,1241.0,1,1,-1,1,-1,-1,-1
AY,S,1677.0,1,-1,-1,-1,-1,1,1
AY,T,1649.0,-1,1,1,-1,-1,1,-1
AY,U,1409.0,-1,-1,1,1,-1,-1,1
AY,V,1163.0,1,1,1,1,1,1,1
AY,W,2426.0,1,-1,1,-1,1,-1,-1
AY,X,1837.0,-1,1,-1,-1,1,-1,1
AY,Y,1915.0,-1,-1,-1,1,1,1,-1
AY,Z,1417.0,1,1,-1,1,-1,-1,-1
AY,a,1777.0,1,-1,-1,-1,-1,1,1
AY,b,2667.0,-1,1,1,-1,-1,1,-1
AY,c,2764.0,-1,-1,1,1,-1,-1,1
AY,d,1762.0,1,1,1,1,1,1,1
AY,e,3944.0,1,-1,1,-1,1,-1,-1
AY,f,1080.0,-1,1,-1,-1,1,-1,1
AZ,A,1726.0,-1,-1,1,1,-1,-1,1
AZ,B,1292.0,1,1,1,1,1,1,1
AZ,C,1888.0,1,-1,1,-1,1,-1,-1
AZ,D,1592.0,-1,1,-1,-1,1,-1,1
AZ,E,1659.0,-1,-1,-1,1,1,1,-1
AZ,F,2544.0,1,1,-1,1,-1,-1,-1
AZ,G,4730.0,1,-1,-1,-1,-1,1,1
AZ,H,1481.0,-1,1,1,-1,-1,1,-1
AZ,I,2229.0,-1,-1,1,1,-1,-1,1
AZ,J,1428.0,1,1,1,1,1,1,1
AZ,K,2410.0,1,-1,1,-1,1,-1,-1
AZ,L,2407.0,-1,1,-1,-1,1,-1,1
AZ,M,1817.0,-1,-1,-1,1,1,1,-1
AZ,N,1801.0,1,1,-1,1,-1,-1,-1
AZ,O,1832.0,1,-1,-1,-1,-1,1,1
AZ,P,1760.0,-1,1,1,-1,-1,1,-1
AZ,Q,1344.0,-1,-1,1,1,-1,-1,1
AZ,R,2563.0,1,1,1,1,1,1,1
AZ,S,1777.0,1,-1,1,-1,1,-1,-1
AZ,T,1208.0,-1,1,-1,-1,1,-1,1
AZ,U,1710.0,-1,-1,-1,1,1,1,-1
AZ,V,1883.0,1,1,-1,1,-1,-1,-1
AZ,W,2124.0,1,-1,-1,-1,-1,1,1
AZ,X,2278.0,-1,1,1,-1,-1,1,-1
AZ,Y,1675.0,-1,-1,1,1,-1,-1,1
AZ,Z,1637.0,1,1,1,1,1,1,1
AZ,a,1697.0,1,-1,1,-1,1,-1,-1
AZ,b,2307.0,-1,1,-1,-1,1,-1,1
AZ,c,1443.0,-1,-1,-1,1,1,1,-1
AZ,d,1702.0,1,1,-1,1,-1,-1,-1
AZ,e,2522.0,1,-1,-1,-1,-1,1,1
AZ,f,1480.0,-1,1,1,-1,-1,1,-1
Aa,A,2046.0,-1,1,-1,-1,1,-1,1
Aa,B,4356.0,-1,-1,-1,1,1,1,-1
Aa,C,2147.0,1,1,-1,1,-1,-1,-1
Aa,D,2533.0,1,-1,-1,-1,-1,1,1
Aa,E,1899.0,-1,1,1,-1,-1,1,-1
Aa,F,4767.0,-1,-1,1,1,-1,-1,1
Aa,G,1826.0,1,1,1,1,1,1,1
Aa,H,5143.65,1,-1,1,-1,1,-1,-1
Aa,I,4152.0,-1,1,-1,-1,1,-1,1
Aa,J,2069.0,-1,-1,-1,1,1,1,-1
Aa,K,2690.0,1,1,-1,1,-1,-1,-1
Aa,L,4710.0,1,-1,-1,-1,-1,1,1
Aa,M,2237.0,-1,1,1,-1,-1,1,-1
Aa,N,2782.0,-1,-1,1,1,-1,-1,1
Aa,O,1892.0,1,1,1,1,1,1,1
Aa,P,2622.0,1,-1,1,-1,1,-1,-1
Aa,Q,1965.0,-1,1,-1,-1,1,-1,1
Aa,R,2223.0,-1,-1,-1,1,1,1,-1
Aa,S,1677.0,1,1,-1,1,-1,-1,-1
Aa,T,1328.0,1,-1,-1,-1,-1,1,1
Aa,U,1569.0,-1,1,1,-1,-1,1,-1
Aa,V,2265.0,-1,-1,1,1,-1,-1,1
Aa,W,2666.0,1,1,1,1,1,1,1
Aa,X,2318.0,1,-1,1,-1,1,-1,-1
Aa,Y,2957.0,-1,1,-1,-1,1,-1,1
Aa,Z,4461.0,-1,-1,-1,1,1,1,-1
Aa,a,2038.0,1,1,-1,1,-1,-1,-1
Aa,b,2046.0,1,-1,-1,-1,-1,1,1
Aa,c,1943.0,-1,1,1,-1,-1,1,-1
Aa,d,5143.65,-1,-1,1,1,-1,-1,1
Aa,e,2001.0,1,1,1,1,1,1,1
Aa,f,1840.0,1,-1,1,-1,1,-1,-1
Ab,A,1506.0,1,-1,-1,-1,-1,1,1
Ab,B,2954.0,-1,1,1,-1,-1,1,-1
Ab,C,2749.0,-1,-1,1,1,-1,-1,1
Ab,D,1813.0,1,1,1,1,1,1,1
Ab,E,2781.0,1,-1,1,-1,1,-1,-1
Ab,F,2082.0,-1,1,-1,-1,1,-1,1
Ab,G,5143.65,-1,-1,-1,1,1,1,-1
Ab,H,1301.0,1,1,-1,1,-1,-1,-1
Ab,I,3371.0,1,-1,-1,-1,-1,1,1
Ab,J,1569.0,-1,1,1,-1,-1,1,-1
Ab,K,2289.0,-1,-1,1,1,-1,-1,1
Ab,L,3669.0,1,1,1,1,1,1,1
Ab,M,1837.0,1,-1,1,-1,1,-1,-1
Ab,N,2301.0,-1,1,-1,-1,1,-1,1
Ab,O,2653.0,-1,-1,-1,1,1,1,-1
Ab,P,1800.0,1,1,-1,1,-1,-1,-1
Ab,Q,2366.0,1,-1,-1,-1,-1,1,1
Ab,R,1782.0,-1,1,1,-1,-1,1,-1
Ab,S,1957.0,-1,-1,1,1,-1,-1,1
Ab,T,1748.0,1,1,1,1,1,1,1
Ab,U,1649.0,1,-1,1,-1,1,-1,-1
Ab,V,1102.0,-1,1,-1,-1,1,-1,1
Ab,W,3546.0,-1,-1,-1,1,1,1,-1
Ab,X,1257.0,1,1,-1,1,-1,-1,-1
Ab,Y,1414.0,1,-1,-1,-1,-1,1,1
Ab,Z,2238.0,-1,1,1,-1,-1,1,-1
Ab,a,3440.0,-1,-1,1,1,-1,-1,1
Ab,b,2026.0,1,1,1,1,1,1,1
Ab,c,2865.0,1,-1,1,-1,1,-1,-1
Ab,d,2482.0,-1,1,-1,-1,1,-1,1
Ab,e,4565.0,-1,-1,-1,1,1,1,-1
Ab,f,1159.0,1,1,-1,1,-1,-1,-1
Ac,A,1907.0,1,-1,1,-1,1,-1,-1
Ac,B,3675.0,-1,1,-1,-1,1,-1,1
Ac,C,1607.0,-1,-1,-1,1,1,1,-1
Ac,D,2033.0,1,1,-1,1,-1,-1,-1
Ac,E,2320.0,1,-1,-1,-1,-1,1,1
Ac,F,3005.0,-1,1,1,-1,-1,1,-1
Ac,G,5143.65,-1,-1,1,1,-1,-1,1
Ac,H,2062.0,1,1,1,1,1,1,1
Ac,I,3851.0,1,-1,1,-1,1,-1,-1
Ac,J,1528.0,-1,1,-1,-1,1,-1,1
Ac,K,2971.0,-1,-1,-1,1,1,1,-1
Ac,L,2427.0,1,1,-1,1,-1,-1,-1
Ac,M,1877.0,1,-1,-1,-1,-1,1,1
Ac,N,2261.0,-1,1,1,-1,-1,1,-1
Ac,O,2593.0,-1,-1,1,1,-1,-1,1
Ac,P,2381.0,1,1,1,1,1,1,1
Ac,Q,2926.0,1,-1,1,-1,1,-1,-1
Ac,R,4026.0,-1,1,-1,-1,1,-1,1
Ac,S,3038.0,-1,-1,-1,1,1,1,-1
Ac,T,1368.0,1,1,-1,1,-1,-1,-1
Ac,U,1749.0,1,-1,-1,-1,-1,1,1
Ac,V,3146.0,-1,1,1,-1,-1,1,-1
Ac,W,3266.0,-1,-1,1,1,-1,-1,1
Ac,X,3961.0,1,1,1,1,1,1,1
Ac,Y,2216.0,1,-1,1,-1,1,-1,-1
Ac,Z,1577.0,-1,1,-1,-1,1,-1,1
Ac,a,3260.0,-1,-1,-1,1,1,1,-1
Ac,b,1566.0,1,1,-1,1,-1,-1,-1
Ac,c,1743.0,1,-1,-1,-1,-1,1,1
Ac,d,2784.0,-1,1,1,-1,-1,1,-1
Ac,e,3202.0,-1,-1,1,1,-1,-1,1
Ac,f,2462.0,1,1,1,1,1,1,1
Ad,A,1446.0,1,1,1,1,1,1,1
Ad,B,2113.0,1,-1,1,-1,1,-1,-1
Ad,C,1347.0,-1,1,-1,-1,1,-1,1
Ad,D,2313.0,-1,-1,-1,1,1,1,-1
Ad,E,1378.0,1,1,-1,1,-1,-1,-1
Ad,F,3245.0,1,-1,-1,-1,-1,1,1
Ad,G,1866.0,-1,1,1,-1,-1,1,-1
Ad,H,2002.0,-1,-1,1,1,-1,-1,1
Ad,I,1308.0,1,1,1,1,1,1,1
Ad,J,988.0,1,-1,1,-1,1,-1,-1
Ad,K,1849.0,-1,1,-1,-1,1,-1,1
Ad,L,2868.0,-1,-1,-1,1,1,1,-1
Ad,M,1096.0,1,1,-1,1,-1,-1,-1
Ad,N,2221.0,1,-1,-1,-1,-1,1,1
Ad,O,1871.0,-1,1,1,-1,-1,1,-1
Ad,P,2761.0,-1,-1,1,1,-1,-1,1
Ad,Q,1264.0,1,1,1,1,1,1,1
Ad,R,1662.0,1,-1,1,-1,1,-1,-1
Ad,S,1356.0,-1,1,-1,-1,1,-1,1
Ad,T,948.0,-1,-1,-1,1,1,1,-1
Ad,U,1129.0,1,1,-1,1,-1,-1,-1
Ad,V,1363.0,1,-1,-1,-1,-1,1,1
Ad,W,2065.0,-1,1,1,-1,-1,1,-1
Ad,X,1918.0,-1,-1,1,1,-1,-1,1
Ad,Y,1294.0,1,1,1,1,1,1,1
Ad,Z,2879.0,1,-1,1,-1,1,-1,-1
Ad,a,1517.0,-1,1,-1,-1,1,-1,1
Ad,b,2006.0,-1,-1,-1,1,1,1,-1
Ad,c,902.0,1,1,-1,1,-1,-1,-1
Ad,d,2303.0,1,-1,-1,-1,-1,1,1
Ad,e,1520.0,-1,1,1,-1,-1,1,-1
Ad,f,1921.0,-1,-1,1,1,-1,-1,1
Ae,A,1766.0,-1,1,1,-1,-1,1,-1
Ae,B,2854.0,-1,-1,1,1,-1,-1,1
Ae,C,1988.0,1,1,1,1,1,1,1
Ae,D,3915.0,1,-1,1,-1,1,-1,-1
Ae,E,1299.0,-1,1,-1,-1,1,-1,1
Ae,F,2864.0,-1,-1,-1,1,1,1,-1
Ae,G,2147.0,1,1,-1,1,-1,-1,-1
Ae,H,3363.0,1,-1,-1,-1,-1,1,1
Ae,I,2470.0,-1,1,1,-1,-1,1,-1
Ae,J,1308.0,-1,-1,1,1,-1,-1,1
Ae,K,1488.0,1,1,1,1,1,1,1
Ae,L,3810.0,1,-1,1,-1,1,-1,-1
Ae,M,1717.0,-1,1,-1,-1,1,-1,1
Ae,N,2983.0,-1,-1,-1,1,1,1,-1
Ae,O,2152.0,1,1,-1,1,-1,-1,-1
Ae,P,2100.0,1,-1,-1,-1,-1,1,1
Ae,Q,2446.0,-1,1,1,-1,-1,1,-1
Ae,R,2183.0,-1,-1,1,1,-1,-1,1
Ae,S,1235.0,1,1,1,1,1,1,1
Ae,T,1528.0,1,-1,1,-1,1,-1,-1
Ae,U,2130.0,-1,1,-1,-1,1,-1,1
Ae,V,1583.0,-1,-1,-1,1,1,1,-1
Ae,W,1664.0,1,1,-1,1,-1,-1,-1
Ae,X,2939.0,1,-1,-1,-1,-1,1,1
Ae,Y,2055.0,-1,1,1,-1,-1,1,-1
Ae,Z,3600.0,-1,-1,1,1,-1,-1,1
Ae,a,1277.0,1,1,1,1,1,1,1
Ae,b,2487.0,1,-1,1,-1,1,-1,-1
Ae,c,1102.0,-1,1,-1,-1,1,-1,1
Ae,d,3084.0,-1,-1,-1,1,1,1,-1
Ae,e,1941.0,1,1,-1,1,-1,-1,-1
Ae,f,3604.0,1,-1,-1,-1,-1,1,1
Af,A,1566.0,-1,-1,1,1,-1,-1,1
Af,B,2713.0,1,1,1,1,1,1,1
Af,C,3230.0,1,-1,1,-1,1,-1,-1
Af,D,1772.0,-1,1,-1,-1,1,-1,1
Af,E,5143.65,-1,-1,-1,1,1,1,-1
Af,F,1882.0,1,1,-1,1,-1,-1,-1
Af,G,2326.0,1,-1,-1,-1,-1,1,1
Af,H,1561.0,-1,1,1,-1,-1,1,-1
Af,I,3852.0,-1,-1,1,1,-1,-1,1
Af,J,1388.0,1,1,1,1,1,1,1
Af,K,2089.0,1,-1,1,-1,1,-1,-1
Af,L,2888.0,-1,1,-1,-1,1,-1,1
Af,M,5143.65,-1,-1,-1,1,1,1,-1
Af,N,2722.0,1,1,-1,1,-1,-1,-1
Af,O,3194.0,1,-1,-1,-1,-1,1,1
Af,P,2481.0,-1,1,1,-1,-1,1,-1
Af,Q,2605.0,-1,-1,1,1,-1,-1,1
Af,R,1302.0,1,1,1,1,1,1,1
Af,S,2257.0,1,-1,1,-1,1,-1,-1
Af,T,1909.0,-1,1,-1,-1,1,-1,1
Af,U,1769.0,-1,-1,-1,1,1,1,-1
Af,V,1743.0,1,1,-1,1,-1,-1,-1
Af,W,3386.0,1,-1,-1,-1,-1,1,1
Af,X,1197.0,-1,1,1,-1,-1,1,-1
Af,Y,2156.0,-1,-1,1,1,-1,-1,1
Af,Z,3660.0,1,1,1,1,1,1,1
Af,a,1958.0,1,-1,1,-1,1,-1,-1
Af,b,1325.0,-1,1,-1,-1,1,-1,1
Af,c,3125.0,-1,-1,-1,1,1,1,-1
Af,d,2103.0,1,1,-1,1,-1,-1,-1
Af,e,3243.0,1,-1,-1,-1,-1,1,1
Af,f,1921.0,-1,1,1,-1,-1,1,-1
Ag,A,2167.0,-1,1,-1,-1,1,-1,1
Ag,B,2454.0,-1,-1,-1,1,1,1,-1
Ag,C,1347.0,1,1,-1,1,-1,-1,-1
Ag,D,1412.0,1,-1,-1,-1,-1,1,1
Ag,E,1259.0,-1,1,1,-1,-1,1,-1
Ag,F,2113.0,-1,-1,1,1,-1,-1,1
Ag,G,1525.0,1,1,1,1,1,1,1
Ag,H,2262.0,1,-1,1,-1,1,-1,-1
Ag,I,1789.0,-1,1,-1,-1,1,-1,1
Ag,J,2110.0,-1,-1,-1,1,1,1,-1
Ag,K,1789.0,1,1,-1,1,-1,-1,-1
Ag,L,1627.0,1,-1,-1,-1,-1,1,1
Ag,M,1236.0,-1,1,1,-1,-1,1,-1
Ag,N,4404.0,-1,-1,1,1,-1,-1,1
Ag,O,1271.0,1,1,1,1,1,1,1
Ag,P,2021.0,1,-1,1,-1,1,-1,-1
Ag,Q,1484.0,-1,1,-1,-1,1,-1,1
Ag,R,1543.0,-1,-1,-1,1,1,1,-1
Ag,S,1697.0,1,1,-1,1,-1,-1,-1
Ag,T,1389.0,1,-1,-1,-1,-1,1,1
Ag,U,1289.0,-1,1,1,-1,-1,1,-1
Ag,V,2184.0,-1,-1,1,1,-1,-1,1
Ag,W,2205.0,1,1,1,1,1,1,1
Ag,X,1817.0,1,-1,1,-1,1,-1,-1
Ag,Y,1053.0,-1,1,-1,-1,1,-1,1
Ag,Z,2479.0,-1,-1,-1,1,1,1,-1
Ag,a,1597.0,1,1,-1,1,-1,-1,-1
Ag,b,1746.0,1,-1,-1,-1,-1,1,1
Ag,c,1543.0,-1,1,1,-1,-1,1,-1
Ag,d,5143.65,-1,-1,1,1,-1,-1,1
Ag,e,2042.0,1,1,1,1,1,1,1
Ag,f,1921.0,1,-1,1,-1,1,-1,-1
Ah,A,1686.0,-1,-1,-1,1,1,1,-1
Ah,B,2935.0,1,1,-1,1,-1,-1,-1
Ah,C,2328.0,1,-1,-1,-1,-1,1,1
Ah,D,1892.0,-1,1,1,-1,-1,1,-1
Ah,E,2480.0,-1,-1,1,1,-1,-1,1
Ah,F,1822.0,1,1,1,1,1,1,1
Ah,G,3289.0,1,-1,1,-1,1,-1,-1
Ah,H,1841.0,-1,1,-1,-1,1,-1,1
Ah,I,5143.65,-1,-1,-1,1,1,1,-1
Ah,J,1529.0,1,1,-1,1,-1,-1,-1
Ah,K,2109.0,1,-1,-1,-1,-1,1,1
Ah,L,3128.0,-1,1,1,-1,-1,1,-1
Ah,M,2718.0,-1,-1,1,1,-1,-1,1
Ah,N,1881.0,1,1,1,1,1,1,1
Ah,O,1892.0,1,-1,1,-1,1,-1,-1
Ah,P,1820.0,-1,1,-1,-1,1,-1,1
Ah,Q,2506.0,-1,-1,-1,1,1,1,-1
Ah,R,1983.0,1,1,-1,1,-1,-1,-1
Ah,S,2097.0,1,-1,-1,-1,-1,1,1
Ah,T,3010.0,-1,1,1,-1,-1,1,-1
Ah,U,1650.0,-1,-1,1,1,-1,-1,1
Ah,V,1704.0,1,1,1,1,1,1,1
Ah,W,2184.0,1,-1,1,-1,1,-1,-1
Ah,X,1677.0,-1,1,-1,-1,1,-1,1
Ah,Y,1534.0,-1,-1,-1,1,1,1,-1
Ah,Z,1958.0,1,1,-1,1,-1,-1,-1
Ah,a,1497.0,1,-1,-1,-1,-1,1,1
Ah,b,1966.0,-1,1,1,-1,-1,1,-1
Ah,c,2184.0,-1,-1,1,1,-1,-1,1
Ah,d,2082.0,1,1,1,1,1,1,1
Ah,e,3744.0,1,-1,1,-1,1,-1,-1
Ah,f,1560.0,-1,1,-1,-1,1,-1,1
Ai,A,1506.0,1,-1,-1,-1,-1,1,1
Ai,B,2173.0,-1,1,1,-1,-1,1,-1
Ai,C,1848.0,-1,-1,1,1,-1,-1,1
Ai,D,1432.0,1,1,1,1,1,1,1
Ai,E,3081.0,1,-1,1,-1,1,-1,-1
Ai,F,1401.0,-1,1,-1,-1,1,-1,1
Ai,G,3028.0,-1,-1,-1,1,1,1,-1
Ai,H,1321.0,1,1,-1,1,-1,-1,-1
Ai,I,1388.0,1,-1,-1,-1,-1,1,1
Ai,J,1389.0,-1,1,1,-1,-1,1,-1
Ai,K,2529.0,-1,-1,1,1,-1,-1,1
Ai,L,2788.0,1,1,1,1,1,1,1
Ai,M,2217.0,1,-1,1,-1,1,-1,-1
Ai,N,2341.0,-1,1,-1,-1,1,-1,1
Ai,O,2332.0,-1,-1,-1,1,1,1,-1
Ai,P,1920.0,1,1,-1,1,-1,-1,-1
Ai,Q,1644.0,1,-1,-1,-1,-1,1,1
Ai,R,2003.0,-1,1,1,-1,-1,1,-1
Ai,S,1677.0,-1,-1,1,1,-1,-1,1
Ai,T,1308.0,1,1,1,1,1,1,1
Ai,U,1689.0,1,-1,1,-1,1,-1,-1
Ai,V,1103.0,-1,1,-1,-1,1,-1,1
Ai,W,3007.0,-1,-1,-1,1,1,1,-1
Ai,X,2078.0,1,1,-1,1,-1,-1,-1
Ai,Y,1474.0,1,-1,-1,-1,-1,1,1
Ai,Z,2819.0,-1,1,1,-1,-1,1,-1
Ai,a,1997.0,-1,-1,1,1,-1,-1,1
Ai,b,2086.0,1,1,1,1,1,1,1
Ai,c,1763.0,1,-1,1,-1,1,-1,-1
Ai,d,2343.0,-1,1,-1,-1,1,-1,1
Ai,e,2822.0,-1,-1,-1,1,1,1,-1
Ai,f,1180.0,1,1,-1,1,-1,-1,-1
Aj,A,1646.0,1,1,-1,1,-1,-1,-1
Aj,B,4196.0,1,-1,-1,-1,-1,1,1
Aj,C,1407.0,-1,1,1,-1,-1,1,-1
Aj,D,4437.0,-1,-1,1,1,-1,-1,1
Aj,E,1719.0,1,1,1,1,1,1,1
Aj,F,4106.0,1,-1,1,-1,1,-1,-1
Aj,G,1446.0,-1,1,-1,-1,1,-1,1
Aj,H,2142.0,-1,-1,-1,1,1,1,-1
Aj,I,1789.0,1,1,-1,1,-1,-1,-1
Aj,J,1689.0,1,-1,-1,-1,-1,1,1
Aj,K,1027.0,-1,1,1,-1,-1,1,-1
Aj,L,4090.0,-1,-1,1,1,-1,-1,1
Aj,M,2017.0,1,1,1,1,1,1,1
Aj,N,2442.0,1,-1,1,-1,1,-1,-1
Aj,O,2092.0,-1,1,-1,-1,1,-1,1
Aj,P,3563.0,-1,-1,-1,1,1,1,-1
Aj,Q,1183.0,1,1,-1,1,-1,-1,-1
Aj,R,1723.0,1,-1,-1,-1,-1,1,1
Aj,S,2178.0,-1,1,1,-1,-1,1,-1
Aj,T,1369.0,-1,-1,1,1,-1,-1,1
Aj,U,1389.0,1,1,1,1,1,1,1
Aj,V,1604.0,1,-1,1,-1,1,-1,-1
Aj,W,2045.0,-1,1,-1,-1,1,-1,1
Aj,X,3399.0,-1,-1,-1,1,1,1,-1
Aj,Y,1955.0,1,1,-1,1,-1,-1,-1
Aj,Z,4421.0,1,-1,-1,-1,-1,1,1
Aj,a,1657.0,-1,1,1,-1,-1,1,-1
Aj,b,2266.0,-1,-1,1,1,-1,-1,1
Aj,c,1022.0,1,1,1,1,1,1,1
Aj,d,2302.0,1,-1,1,-1,1,-1,-1
Aj,e,2181.0,-1,1,-1,-1,1,-1,1
Aj,f,2862.0,-1,-1,-1,1,1,1,-1
Ak,A,1345.0,-1,1,1,-1,-1,1,-1
Ak,B,2533.0,-1,-1,1,1,-1,-1,1
Ak,C,1867.0,1,1,1,1,1,1,1
Ak,D,2374.0,1,-1,1,-1,1,-1,-1
Ak,E,1439.0,-1,1,-1,-1,1,-1,1
Ak,F,2283.0,-1,-1,-1,1,1,1,-1
Ak,G,1085.0,1,1,-1,1,-1,-1,-1
Ak,H,1421.0,1,-1,-1,-1,-1,1,1
Ak,I,1749.0,-1,1,1,-1,-1,1,-1
Ak,J,2089.0,-1,-1,1,1,-1,-1,1
Ak,K,1088.0,1,1,1,1,1,1,1
Ak,L,2387.0,1,-1,1,-1,1,-1,-1
Ak,M,1337.0,-1,1,-1,-1,1,-1,1
Ak,N,3764.0,-1,-1,-1,1,1,1,-1
Ak,O,1411.0,1,1,-1,1,-1,-1,-1
Ak,P,2541.0,1,-1,-1,-1,-1,1,1
Ak,Q,1183.0,-1,1,1,-1,-1,1,-1
Ak,R,3946.0,-1,-1,1,1,-1,-1,1
Ak,S,2018.0,1,1,1,1,1,1,1
Ak,T,1028.0,1,-1,1,-1,1,-1,-1
Ak,U,1088.0,-1,1,-1,-1,1,-1,1
Ak,V,1884.0,-1,-1,-1,1,1,1,-1
Ak,W,2606.0,1,1,-1,1,-1,-1,-1
Ak,X,1958.0,1,-1,-1,-1,-1,1,1
Ak,Y,1174.0,-1,1,1,-1,-1,1,-1
Ak,Z,2098.0,-1,-1,1,1,-1,-1,1
Ak,a,2038.0,1,1,1,1,1,1,1
Ak,b,2106.0,1,-1,1,-1,1,-1,-1
Ak,c,882.0,-1,1,-1,-1,1,-1,1
Ak,d,4185.0,-1,-1,-1,1,1,1,-1
Ak,e,1260.0,1,1,-1,1,-1,-1,-1
Ak,f,3162.0,1,-1,-1,-1,-1,1,1
Al,A,2167.0,1,-1,1,-1,1,-1,-1
Al,B,2053.0,-1,1,-1,-1,1,-1,1
Al,C,3751.0,-1,-1,-1,1,1,1,-1
Al,D,1933.0,1,1,-1,1,-1,-1,-1
Al,E,3562.0,1,-1,-1,-1,-1,1,1
Al,F,2383.0,-1,1,1,-1,-1,1,-1
Al,G,5143.65,-1,-1,1,1,-1,-1,1
Al,H,1802.0,1,1,1,1,1,1,1
Al,I,2850.0,1,-1,1,-1,1,-1,-1
Al,J,2029.0,-1,1,-1,-1,1,-1,1
Al,K,2069.0,-1,-1,-1,1,1,1,-1
Al,L,2808.0,1,1,-1,1,-1,-1,-1
Al,M,1577.0,1,-1,-1,-1,-1,1,1
Al,N,2962.0,-1,1,1,-1,-1,1,-1
Al,O,2212.0,-1,-1,1,1,-1,-1,1
Al,P,2141.0,1,1,1,1,1,1,1
Al,Q,1844.0,1,-1,1,-1,1,-1,-1
Al,R,2123.0,-1,1,-1,-1,1,-1,1
Al,S,1897.0,-1,-1,-1,1,1,1,-1
Al,T,1628.0,1,1,-1,1,-1,-1,-1
Al,U,2330.0,1,-1,-1,-1,-1,1,1
Al,V,2304.0,-1,1,1,-1,-1,1,-1
Al,W,2906.0,-1,-1,1,1,-1,-1,1
Al,X,1958.0,1,1,1,1,1,1,1
Al,Y,3117.0,1,-1,1,-1,1,-1,-1
Al,Z,3059.0,-1,1,-1,-1,1,-1,1
Al,a,2459.0,-1,-1,-1,1,1,1,-1
Al,b,1725.0,1,1,-1,1,-1,-1,-1
Al,c,2023.0,1,-1,-1,-1,-1,1,1
Al,d,2322.0,-1,1,1,-1,-1,1,-1
Al,e,4725.0,-1,-1,1,1,-1,-1,1
Al,f,2081.0,1,1,1,1,1,1,1
Am,A,2047.0,1,1,1,1,1,1,1
Am,B,2433.0,1,-1,1,-1,1,-1,-1
Am,C,1668.0,-1,1,-1,-1,1,-1,1
Am,D,2694.0,-1,-1,-1,1,1,1,-1
Am,E,1559.0,1,1,-1,1,-1,-1,-1
Am,F,4126.0,1,-1,-1,-1,-1,1,1
Am,G,2467.0,-1,1,1,-1,-1,1,-1
Am,H,2783.0,-1,-1,1,1,-1,-1,1
Am,I,1929.0,1,1,1,1,1,1,1
Am,J,1488.0,1,-1,1,-1,1,-1,-1
Am,K,1629.0,-1,1,-1,-1,1,-1,1
Am,L,2488.0,-1,-1,-1,1,1,1,-1
Am,M,1597.0,1,1,-1,1,-1,-1,-1
Am,N,2842.0,1,-1,-1,-1,-1,1,1
Am,O,3475.0,-1,1,1,-1,-1,1,-1
Am,P,2000.0,-1,-1,1,1,-1,-1,1
Am,Q,1604.0,1,1,1,1,1,1,1
Am,R,2624.0,1,-1,1,-1,1,-1,-1
Am,S,1276.0,-1,1,-1,-1,1,-1,1
Am,T,2951.0,-1,-1,-1,1,1,1,-1
Am,U,1108.0,1,1,-1,1,-1,-1,-1
Am,V,1363.0,1,-1,-1,-1,-1,1,1
Am,W,3306.0,-1,1,1,-1,-1,1,-1
Am,X,1497.0,-1,-1,1,1,-1,-1,1
Am,Y,2196.0,1,1,1,1,1,1,1
Am,Z,1958.0,1,-1,1,-1,1,-1,-1
Am,a,1236.0,-1,1,-1,-1,1,-1,1
Am,b,1806.0,-1,-1,-1,1,1,1,-1
Am,c,1622.0,1,1,-1,1,-1,-1,-1
Am,d,2643.0,1,-1,-1,-1,-1,1,1
Am,e,1601.0,-1,1,1,-1,-1,1,-1
Am,f,1781.0,-1,-1,1,1,-1,-1,1
An,A,1646.0,-1,-1,1,1,-1,-1,1
An,B,2714.0,1,1,1,1,1,1,1
An,C,1767.0,1,-1,1,-1,1,-1,-1
An,D,2453.0,-1,1,-1,-1,1,-1,1
An,E,2420.0,-1,-1,-1,1,1,1,-1
An,F,2183.0,1,1,-1,1,-1,-1,-1
An,G,3668.0,1,-1,-1,-1,-1,1,1
An,H,2602.0,-1,1,1,-1,-1,1,-1
An,I,2991.0,-1,-1,1,1,-1,-1,1
An,J,1268.0,1,1,1,1,1,1,1
An,K,1829.0,1,-1,1,-1,1,-1,-1
An,L,2127.0,-1,1,-1,-1,1,-1,1
An,M,2538.0,-1,-1,-1,1,1,1,-1
An,N,1560.0,1,1,-1,1,-1,-1,-1
An,O,1872.0,1,-1,-1,-1,-1,1,1
An,P,1760.0,-1,1,1,-1,-1,1,-1
An,Q,1724.0,-1,-1,1,1,-1,-1,1
An,R,1743.0,1,1,1,1,1,1,1
An,S,1577.0,1,-1,1,-1,1,-1,-1
An,T,1168.0,-1,1,-1,-1,1,-1,1
An,U,1709.0,-1,-1,-1,1,1,1,-1
An,V,1624.0,1,1,-1,1,-1,-1,-1
An,X,1658.0,-1,1,1,-1,-1,1,-1
An,Y,1735.0,-1,-1,1,1,-1,-1,1
An,Z,1176.0,1,1,1,1,1,1,1
An,a,5042.0,1,-1,1,-1,1,-1,-1
An,b,1366.0,-1,1,-1,-1,1,-1,1
An,c,1884.0,-1,-1,-1,1,1,1,-1
An,d,2262.0,1,1,-1,1,-1,-1,-1
An,e,4164.0,1,-1,-1,-1,-1,1,1
An,f,1160.0,-1,1,1,-1,-1,1,-1
Ao,A,2147.0,-1,-1,1,1,-1,-1,1
Ao,B,2333.0,1,1,1,1,1,1,1
Ao,C,1527.0,1,-1,1,-1,1,-1,-1
Ao,D,1452.0,-1,1,-1,-1,1,-1,1
Ao,E,2340.0,-1,-1,-1,1,1,1,-1
Ao,F,2463.0,1,1,-1,1,-1,-1,-1
Ao,G,4610.0,1,-1,-1,-1,-1,1,1
Ao,H,1400.0,-1,1,1,-1,-1,1,-1
Ao,I,5143.65,-1,-1,1,1,-1,-1,1
Ao,J,968.0,1,1,1,1,1,1,1
Ao,K,2270.0,1,-1,1,-1,1,-1,-1
Ao,L,2687.0,-1,1,-1,-1,1,-1,1
Ao,M,2297.0,-1,-1,-1,1,1,1,-1
Ao,N,2682.0,1,1,-1,1,-1,-1,-1
Ao,O,1792.0,1,-1,-1,-1,-1,1,1
Ao,P,1800.0,-1,1,1,-1,-1,1,-1
Ao,Q,2326.0,-1,-1,1,1,-1,-1,1
Ao,R,2403.0,1,1,1,1,1,1,1
Ao,S,1817.0,1,-1,1,-1,1,-1,-1
Ao,T,1249.0,-1,1,-1,-1,1,-1,1
Ao,U,1869.0,-1,-1,-1,1,1,1,-1
Ao,V,1323.0,1,1,-1,1,-1,-1,-1
Ao,W,1684.0,1,-1,-1,-1,-1,1,1
Ao,X,1196.0,-1,1,1,-1,-1,1,-1
Ao,Y,1674.0,-1,-1,1,1,-1,-1,1
Ao,Z,2959.0,1,1,1,1,1,1,1
Ao,a,1197.0,1,-1,1,-1,1,-1,-1
Ao,b,1425.0,-1,1,-1,-1,1,-1,1
Ao,c,1382.0,-1,-1,-1,1,1,1,-1
Ao,d,2122.0,1,1,-1,1,-1,-1,-1
Ao,e,2642.0,1,-1,-1,-1,-1,1,1
Ao,f,1721.0,-1,1,1,-1,-1,1,-1
Ap,A,1606.0,-1,-1,-1,1,1,1,-1
Ap,B,3134.0,1,1,-1,1,-1,-1,-1
Ap,C,1387.0,1,-1,-1,-1,-1,1,1
Ap,D,971.0,-1,1,1,-1,-1,1,-1
Ap,E,1598.0,-1,-1,1,1,-1,-1,1
Ap,F,1743.0,1,1,1,1,1,1,1
Ap,G,5143.65,1,-1,1,-1,1,-1,-1
Ap,H,1761.0,-1,1,-1,-1,1,-1,1
Ap,I,2149.0,-1,-1,-1,1,1,1,-1
Ap,J,1268.0,1,1,-1,1,-1,-1,-1
Ap,K,988.0,1,-1,-1,-1,-1,1,1
Ap,L,1886.0,-1,1,1,-1,-1,1,-1
Ap,M,2057.0,-1,-1,1,1,-1,-1,1
Ap,N,1300.0,1,1,1,1,1,1,1
Ap,O,1371.0,1,-1,1,-1,1,-1,-1
Ap,P,1439.0,-1,1,-1,-1,1,-1,1
Ap,Q,1424.0,-1,-1,-1,1,1,1,-1
Ap,R,1623.0,1,1,-1,1,-1,-1,-1
Ap,S,1697.0,1,-1,-1,-1,-1,1,1
Ap,T,1769.0,-1,1,1,-1,-1,1,-1
Ap,U,1329.0,-1,-1,1,1,-1,-1,1
Ap,V,1263.0,1,1,1,1,1,1,1
Ap,W,2625.0,1,-1,1,-1,1,-1,-1
Ap,X,916.0,-1,1,-1,-1,1,-1,1
Ap,Y,1194.0,-1,-1,-1,1,1,1,-1
Ap,Z,956.0,1,1,-1,1,-1,-1,-1
Ap,a,1356.0,1,-1,-1,-1,-1,1,1
Ap,b,1345.0,-1,1,1,-1,-1,1,-1
Ap,c,1903.0,-1,-1,1,1,-1,-1,1
Ap,d,2343.0,1,1,1,1,1,1,1
Ap,e,1540.0,1,-1,1,-1,1,-1,-1
Ap,f,780.0,-1,1,-1,-1,1,-1,1
Aq,A,4670.0,-1,1,1,-1,-1,1,-1
Aq,B,3696.0,-1,-1,1,1,-1,-1,1
Aq,C,2107.0,1,1,1,1,1,1,1
Aq,D,2994.0,1,-1,1,-1,1,-1,-1
Aq,F,3965.0,-1,-1,-1,1,1,1,-1
Aq,G,2127.0,1,1,-1,1,-1,-1,-1
Aq,H,2322.0,1,-1,-1,-1,-1,1,1
Aq,I,2129.0,-1,1,1,-1,-1,1,-1
Aq,J,3792.0,-1,-1,1,1,-1,-1,1
Aq,K,1248.0,1,1,1,1,1,1,1
Aq,L,3108.0,1,-1,1,-1,1,-1,-1
Aq,M,2177.0,-1,1,-1,-1,1,-1,1
Aq,N,3483.0,-1,-1,-1,1,1,1,-1
Aq,O,5143.65,1,1,-1,1,-1,-1,-1
Aq,P,3203.0,1,-1,-1,-1,-1,1,1
Aq,Q,2545.0,-1,1,1,-1,-1,1,-1
Aq,R,2003.0,-1,-1,1,1,-1,-1,1
Aq,S,1457.0,1,1,1,1,1,1,1
Aq,T,2810.0,1,-1,1,-1,1,-1,-1
Aq,U,1009.0,-1,1,-1,-1,1,-1,1
Aq,V,1443.0,-1,-1,-1,1,1,1,-1
Aq,W,1945.0,1,1,-1,1,-1,-1,-1
Aq,X,3180.0,1,-1,-1,-1,-1,1,1
Aq,Y,2156.0,-1,1,1,-1,-1,1,-1
Aq,Z,4141.0,-1,-1,1,1,-1,-1,1
Aq,a,1517.0,1,1,1,1,1,1,1
Aq,b,3027.0,1,-1,1,-1,1,-1,-1
Aq,c,1182.0,-1,1,-1,-1,1,-1,1
Aq,d,1942.0,-1,-1,-1,1,1,1,-1
Aq,e,2502.0,1,1,-1,1,-1,-1,-1
Aq,f,1821.0,1,-1,-1,-1,-1,1,1
Ar,A,1666.0,-1,1,-1,-1,1,-1,1
Ar,B,2153.0,-1,-1,-1,1,1,1,-1
Ar,C,1267.0,1,1,-1,1,-1,-1,-1
Ar,D,3395.0,1,-1,-1,-1,-1,1,1
Ar,E,1258.0,-1,1,1,-1,-1,1,-1
Ar,F,2283.0,-1,-1,1,1,-1,-1,1
Ar,G,1666.0,1,1,1,1,1,1,1
Ar,H,3484.0,1,-1,1,-1,1,-1,-1
Ar,I,1959.0,-1,1,-1,-1,1,-1,1
Ar,J,1388.0,-1,-1,-1,1,1,1,-1
Ar,K,1388.0,1,1,-1,1,-1,-1,-1
Ar,L,2748.0,1,-1,-1,-1,-1,1,1
Ar,M,2798.0,-1,1,1,-1,-1,1,-1
Ar,N,2202.0,-1,-1,1,1,-1,-1,1
Ar,O,1612.0,1,1,1,1,1,1,1
Ar,P,1740.0,1,-1,1,-1,1,-1,-1
Ar,Q,1925.0,-1,1,-1,-1,1,-1,1
Ar,R,2884.0,-1,-1,-1,1,1,1,-1
Ar,S,1667.0,1,1,-1,1,-1,-1,-1
Ar,T,1789.0,1,-1,-1,-1,-1,1,1
Ar,U,1369.0,-1,1,1,-1,-1,1,-1
Ar,V,1543.0,-1,-1,1,1,-1,-1,1
Ar,W,2365.0,1,1,1,1,1,1,1
Ar,X,4982.0,1,-1,1,-1,1,-1,-1
Ar,Y,1674.0,-1,1,-1,-1,1,-1,1
Ar,Z,2619.0,-1,-1,-1,1,1,1,-1
Ar,a,1316.0,1,1,-1,1,-1,-1,-1
Ar,b,2307.0,1,-1,-1,-1,-1,1,1
Ar,c,1623.0,-1,1,1,-1,-1,1,-1
Ar,d,2142.0,-1,-1,1,1,-1,-1,1
Ar,e,1901.0,1,1,1,1,1,1,1
Ar,f,1621.0,1,-1,1,-1,1,-1,-1
As,A,1445.0,1,1,-1,1,-1,-1,-1
As,B,2394.0,1,-1,-1,-1,-1,1,1
As,C,2388.0,-1,1,1,-1,-1,1,-1
As,D,2513.0,-1,-1,1,1,-1,-1,1
As,E,1859.0,1,1,1,1,1,1,1
As,F,2383.0,1,-1,1,-1,1,-1,-1
As,G,1686.0,-1,1,-1,-1,1,-1,1
As,H,3003.0,-1,-1,-1,1,1,1,-1
As,I,3151.0,1,1,-1,1,-1,-1,-1
As,J,1849.0,1,-1,-1,-1,-1,1,1
As,K,2049.0,-1,1,1,-1,-1,1,-1
As,L,2928.0,-1,-1,1,1,-1,-1,1
As,M,2138.0,1,1,1,1,1,1,1
As,N,2442.0,1,-1,1,-1,1,-1,-1
As,O,2212.0,-1,1,-1,-1,1,-1,1
As,P,3943.0,-1,-1,-1,1,1,1,-1
As,Q,903.0,1,1,-1,1,-1,-1,-1
As,R,1322.0,1,-1,-1,-1,-1,1,1
As,S,1877.0,-1,1,1,-1,-1,1,-1
As,T,1949.0,-1,-1,1,1,-1,-1,1
As,U,1349.0,1,1,1,1,1,1,1
As,V,3546.0,1,-1,1,-1,1,-1,-1
As,W,2366.0,-1,1,-1,-1,1,-1,1
As,X,2799.0,-1,-1,-1,1,1,1,-1
As,Y,1635.0,1,1,-1,1,-1,-1,-1
As,Z,2038.0,1,-1,-1,-1,-1,1,1
As,a,2999.0,-1,1,1,-1,-1,1,-1
As,b,2607.0,-1,-1,1,1,-1,-1,1
As,c,1102.0,1,1,1,1,1,1,1
As,d,2283.0,1,-1,1,-1,1,-1,-1
As,e,1641.0,-1,1,-1,-1,1,-1,1
As,f,3684.0,-1,-1,-1,1,1,1,-1
At,A,1325.0,1,-1,1,-1,1,-1,-1
At,B,2974.0,-1,1,-1,-1,1,-1,1
At,C,2569.0,-1,-1,-1,1,1,1,-1
At,D,2454.0,1,1,-1,1,-1,-1,-1
At,E,3101.0,1,-1,-1,-1,-1,1,1
At,F,1702.0,-1,1,1,-1,-1,1,-1
At,G,2828.0,-1,-1,1,1,-1,-1,1
At,H,1901.0,1,1,1,1,1,1,1
At,I,1949.0,1,-1,1,-1,1,-1,-1
At,J,1929.0,-1,1,-1,-1,1,-1,1
At,K,3792.0,-1,-1,-1,1,1,1,-1
At,L,2688.0,1,1,-1,1,-1,-1,-1
At,M,2117.0,1,-1,-1,-1,-1,1,1
At,N,1480.0,-1,1,1,-1,-1,1,-1
At,O,5143.65,-1,-1,1,1,-1,-1,1
At,P,1800.0,1,1,1,1,1,1,1
At,Q,1544.0,1,-1,1,-1,1,-1,-1
At,R,2343.0,-1,1,-1,-1,1,-1,1
At,S,3239.0,-1,-1,-1,1,1,1,-1
At,T,1549.0,1,1,-1,1,-1,-1,-1
At,U,3232.0,1,-1,-1,-1,-1,1,1
At,V,1483.0,-1,1,1,-1,-1,1,-1
At,W,2625.0,-1,-1,1,1,-1,-1,1
At,X,2098.0,1,1,1,1,1,1,1
At,Y,2256.0,1,-1,1,-1,1,-1,-1
At,Z,2037.0,-1,1,-1,-1,1,-1,1
At,a,2419.0,-1,-1,-1,1,1,1,-1
At,b,1886.0,1,1,-1,1,-1,-1,-1
At,c,1722.0,1,-1,-1,-1,-1,1,1
At,d,2322.0,-1,1,1,-1,-1,1,-1
At,e,4865.0,-1,-1,1,1,-1,-1,1
At,f,1280.0,1,1,1,1,1,1,1
Au,A,1987.0,-1,-1,1,1,-1,-1,1
Au,B,2473.0,1,1,1,1,1,1,1
Au,C,1908.0,1,-1,1,-1,1,-1,-1
Au,D,1312.0,-1,1,-1,-1,1,-1,1
Au,E,1959.0,-1,-1,-1,1,1,1,-1
Au,F,1462.0,1,1,-1,1,-1,-1,-1
Au,G,4390.0,1,-1,-1,-1,-1,1,1
Au,H,2222.0,-1,1,1,-1,-1,1,-1
Au,I,2890.0,-1,-1,1,1,-1,-1,1
Au,J,2090.0,1,1,1,1,1,1,1
Au,K,2490.0,1,-1,1,-1,1,-1,-1
Au,L,2327.0,-1,1,-1,-1,1,-1,1
Au,M,1537.0,-1,-1,-1,1,1,1,-1
Au,N,1279.0,1,1,-1,1,-1,-1,-1
Au,O,1711.0,1,-1,-1,-1,-1,1,1
Au,P,1540.0,-1,1,1,-1,-1,1,-1
Au,Q,1484.0,-1,-1,1,1,-1,-1,1
Au,R,2003.0,1,1,1,1,1,1,1
Au,S,2278.0,1,-1,1,-1,1,-1,-1
Au,T,1168.0,-1,1,-1,-1,1,-1,1
Au,U,1208.0,-1,-1,-1,1,1,1,-1
Au,V,1203.0,1,1,-1,1,-1,-1,-1
Au,W,2785.0,1,-1,-1,-1,-1,1,1
Au,X,1617.0,-1,1,1,-1,-1,1,-1
Au,Y,1434.0,-1,-1,1,1,-1,-1,1
Au,Z,1157.0,1,1,1,1,1,1,1
Au,a,2258.0,1,-1,1,-1,1,-1,-1
Au,b,1645.0,-1,1,-1,-1,1,-1,1
Au,c,922.0,-1,-1,-1,1,1,1,-1
Au,d,1622.0,1,1,-1,1,-1,-1,-1
Au,e,3723.0,1,-1,-1,-1,-1,1,1
Au,f,1541.0,-1,1,1,-1,-1,1,-1
Av,A,1386.0,1,-1,-1,-1,-1,1,1
Av,B,3235.0,-1,1,1,-1,-1,1,-1
Av,C,1427.0,-1,-1,1,1,-1,-1,1
Av,D,1723.0,1,1,1,1,1,1,1
Av,E,1819.0,1,-1,1,-1,1,-1,-1
Av,F,2123.0,-1,1,-1,-1,1,-1,1
Av,G,4150.0,-1,-1,-1,1,1,1,-1
Av,H,1761.0,1,1,-1,1,-1,-1,-1
Av,I,2069.0,1,-1,-1,-1,-1,1,1
Av,J,2049.0,-1,1,1,-1,-1,1,-1
Av,K,1909.0,-1,-1,1,1,-1,-1,1
Av,L,1947.0,1,1,1,1,1,1,1
Av,M,2178.0,1,-1,1,-1,1,-1,-1
Av,N,1199.0,-1,1,-1,-1,1,-1,1
Av,O,2092.0,-1,-1,-1,1,1,1,-1
Av,P,1480.0,1,1,-1,1,-1,-1,-1
Av,Q,2465.0,1,-1,-1,-1,-1,1,1
Av,R,2423.0,-1,1,1,-1,-1,1,-1
Av,S,1517.0,-1,-1,1,1,-1,-1,1
Av,T,1809.0,1,1,1,1,1,1,1
Av,U,2751.0,1,-1,1,-1,1,-1,-1
Av,V,1002.0,-1,1,-1,-1,1,-1,1
Av,W,3206.0,-1,-1,-1,1,1,1,-1
Av,X,1157.0,1,1,-1,1,-1,-1,-1
Av,Y,1154.0,1,-1,-1,-1,-1,1,1
Av,Z,4020.0,-1,1,1,-1,-1,1,-1
Av,a,2219.0,-1,-1,1,1,-1,-1,1
Av,b,1265.0,1,1,1,1,1,1,1
Av,c,1543.0,1,-1,1,-1,1,-1,-1
Av,d,1722.0,-1,1,-1,-1,1,-1,1
Av,e,3163.0,-1,-1,-1,1,1,1,-1
Av,f,1320.0,1,1,-1,1,-1,-1,-1
Aw,A,1185.0,1,-1,-1,-1,-1,1,1
Aw,B,1673.0,-1,1,1,-1,-1,1,-1
Aw,C,1768.0,-1,-1,1,1,-1,-1,1
Aw,D,1493.0,1,1,1,1,1,1,1
Aw,E,1478.0,1,-1,1,-1,1,-1,-1
Aw,F,1502.0,-1,1,-1,-1,1,-1,1
Aw,G,2767.0,-1,-1,-1,1,1,1,-1
Aw,H,1721.0,1,1,-1,1,-1,-1,-1
Aw,I,5143.65,1,-1,-1,-1,-1,1,1
Aw,J,868.0,-1,1,1,-1,-1,1,-1
Aw,K,2580.0,-1,-1,1,1,-1,-1,1
Aw,L,2608.0,1,1,1,1,1,1,1
Aw,M,1897.0,1,-1,1,-1,1,-1,-1
Aw,N,1320.0,-1,1,-1,-1,1,-1,1
Aw,O,1291.0,-1,-1,-1,1,1,1,-1
Aw,P,1820.0,1,1,-1,1,-1,-1,-1
Aw,Q,1544.0,1,-1,-1,-1,-1,1,1
Aw,R,1842.0,-1,1,1,-1,-1,1,-1
Aw,S,2477.0,-1,-1,1,1,-1,-1,1
Aw,T,1188.0,1,1,1,1,1,1,1
Aw,U,1589.0,1,-1,1,-1,1,-1,-1
Aw,V,1222.0,-1,1,-1,-1,1,-1,1
Aw,W,2626.0,-1,-1,-1,1,1,1,-1
Aw,X,1217.0,1,1,-1,1,-1,-1,-1
Aw,Y,1475.0,1,-1,-1,-1,-1,1,1
Aw,Z,1397.0,-1,1,1,-1,-1,1,-1
Aw,a,2358.0,-1,-1,1,1,-1,-1,1
Aw,b,1124.0,1,1,1,1,1,1,1
Aw,c,2124.0,1,-1,1,-1,1,-1,-1
Aw,d,1341.0,-1,1,-1,-1,1,-1,1
Aw,e,1781.0,-1,-1,-1,1,1,1,-1
Aw,f,2081.0,1,1,-1,1,-1,-1,-1
Ax,A,2427.0,1,1,1,1,1,1,1
Ax,B,2013.0,1,-1,1,-1,1,-1,-1
Ax,C,1227.0,-1,1,-1,-1,1,-1,1
Ax,D,2955.0,-1,-1,-1,1,1,1,-1
Ax,E,1459.0,1,1,-1,1,-1,-1,-1
Ax,F,3284.0,1,-1,-1,-1,-1,1,1
Ax,G,1906.0,-1,1,1,-1,-1,1,-1
Ax,H,5143.65,-1,-1,1,1,-1,-1,1
Ax,I,4232.0,1,1,1,1,1,1,1
Ax,J,907.0,1,-1,1,-1,1,-1,-1
Ax,K,1709.0,-1,1,-1,-1,1,-1,1
Ax,L,4210.0,-1,-1,-1,1,1,1,-1
Ax,M,2298.0,1,1,-1,1,-1,-1,-1
Ax,N,5143.65,1,-1,-1,-1,-1,1,1
Ax,O,2292.0,-1,1,1,-1,-1,1,-1
Ax,P,2160.0,-1,-1,1,1,-1,-1,1
Ax,Q,1945.0,1,1,1,1,1,1,1
Ax,R,2503.0,1,-1,1,-1,1,-1,-1
Ax,S,1266.0,-1,1,-1,-1,1,-1,1
Ax,T,1268.0,-1,-1,-1,1,1,1,-1
Ax,U,2190.0,1,1,-1,1,-1,-1,-1
Ax,V,2084.0,1,-1,-1,-1,-1,1,1
Ax,W,1524.0,-1,1,1,-1,-1,1,-1
Ax,X,5143.65,-1,-1,1,1,-1,-1,1
Ax,Y,1194.0,1,1,1,1,1,1,1
Ax,Z,4181.0,1,-1,1,-1,1,-1,-1
Ax,a,1076.0,-1,1,-1,-1,1,-1,1
Ax,b,2207.0,-1,-1,-1,1,1,1,-1
Ax,c,1242.0,1,1,-1,1,-1,-1,-1
Ax,d,2463.0,1,-1,-1,-1,-1,1,1
Ax,e,1640.0,-1,1,1,-1,-1,1,-1
Ax,f,2602.0,-1,-1,1,1,-1,-1,1
Ay,A,2227.0,1,1,-1,1,-1,-1,-1
Ay,B,3535.0,1,-1,-1,-1,-1,1,1
Ay,C,1687.0,-1,1,1,-1,-1,1,-1
Ay,D,1572.0,-1,-1,1,1,-1,-1,1
Ay,E,1428.0,1,1,1,1,1,1,1
Ay,F,2123.0,1,-1,1,-1,1,-1,-1
Ay,G,1486.0,-1,1,-1,-1,1,-1,1
Ay,H,2482.0,-1,-1,-1,1,1,1,-1
Ay,I,1369.0,1,1,-1,1,-1,-1,-1
Ay,J,1629.0,1,-1,-1,-1,-1,1,1
Ay,K,1067.0,-1,1,1,-1,-1,1,-1
Ay,L,5143.65,-1,-1,1,1,-1,-1,1
Ay,M,2418.0,1,1,1,1,1,1,1
Ay,N,2101.0,1,-1,1,-1,1,-1,-1
Ay,O,1531.0,-1,1,-1,-1,1,-1,1
Ay,P,5143.65,-1,-1,-1,1,1,1,-1
Ay,Q,1203.0,1,1,-1,1,-1,-1,-1
Ay,R,1182.0,1,-1,-1,-1,-1,1,1
Ay,S,2097.0,-1,1,1,-1,-1,1,-1
Ay,T,1389.0,-1,-1,1,1,-1,-1,1
Ay,U,1369.0,1,1,1,1,1,1,1
Ay,V,2064.0,1,-1,1,-1,1,-1,-1
Ay,W,1123.0,-1,1,-1,-1,1,-1,1
Ay,X,1697.0,-1,-1,-1,1,1,1,-1
Ay,Y,1254.0,1,1,-1,1,-1,-1,-1
Ay,Z,1998.0,1,-1,-1,-1,-1,1,1
Ay,a,1376.0,-1,1,1,-1,-1,1,-1
Ay,b,2266.0,-1,-1,1,1,-1,-1,1
Ay,c,1002.0,1,1,1,1,1,1,1
Ay,d,2704.0,1,-1,1,-1,1,-1,-1
Ay,e,2482.0,-1,1,-1,-1,1,-1,1
Ay,f,1541.0,-1,-1,-1,1,1,1,-1
Az,A,2307.0,-1,1,-1,-1,1,-1,1
Az,B,3775.0,-1,-1,-1,1,1,1,-1
Az,C,2208.0,1,1,-1,1,-1,-1,-1
Az,D,1852.0,1,-1,-1,-1,-1,1,1
Az,E,3181.0,-1,1,1,-1,-1,1,-1
Az,F,4025.0,-1,-1,1,1,-1,-1,1
Az,G,2587.0,1,1,1,1,1,1,1
Az,H,3443.0,1,-1,1,-1,1,-1,-1
Az,I,1989.0,-1,1,-1,-1,1,-1,1
Az,J,1549.0,-1,-1,-1,1,1,1,-1
Az,K,2109.0,1,1,-1,1,-1,-1,-1
Az,L,2968.0,1,-1,-1,-1,-1,1,1
Az,M,4781.0,-1,1,1,-1,-1,1,-1
Az,N,3423.0,-1,-1,1,1,-1,-1,1
Az,O,2933.0,1,1,1,1,1,1,1
Az,P,2782.0,1,-1,1,-1,1,-1,-1
Az,Q,2005.0,-1,1,-1,-1,1,-1,1
Az,R,2123.0,-1,-1,-1,1,1,1,-1
Az,S,2037.0,1,1,-1,1,-1,-1,-1
Az,T,3211.0,1,-1,-1,-1,-1,1,1
Az,U,1709.0,-1,1,1,-1,-1,1,-1
Az,V,3967.0,-1,-1,1,1,-1,-1,1
Az,W,2886.0,1,1,1,1,1,1,1
Az,X,5143.65,1,-1,1,-1,1,-1,-1
Az,Y,2276.0,-1,1,-1,-1,1,-1,1
Az,Z,4902.0,-1,-1,-1,1,1,1,-1
Az,a,1837.0,1,1,-1,1,-1,-1,-1
Az,b,2707.0,1,-1,-1,-1,-1,1,1
Az,c,2063.0,-1,1,1,-1,-1,1,-1
Az,d,2783.0,-1,-1,1,1,-1,-1,1
Az,e,2281.0,1,1,1,1,1,1,1
Az,f,2642.0,1,-1,1,-1,1,-1,-1
BA,A,1405.0,1,-1,1,-1,1,-1,-1
BA,B,1953.0,-1,1,-1,-1,1,-1,1
BA,C,1668.0,-1,-1,-1,1,1,1,-1
BA,D,1232.0,1,1,-1,1,-1,-1,-1
BA,E,2801.0,1,-1,-1,-1,-1,1,1
BA,F,1442.0,-1,1,1,-1,-1,1,-1
BA,G,5143.65,-1,-1,1,1,-1,-1,1
BA,H,1420.0,1,1,1,1,1,1,1
BA,I,3231.0,1,-1,1,-1,1,-1,-1
BA,J,1428.0,-1,1,-1,-1,1,-1,1
BA,K,2389.0,-1,-1,-1,1,1,1,-1
BA,L,1786.0,1,1,-1,1,-1,-1,-1
BA,M,2498.0,1,-1,-1,-1,-1,1,1
BA,N,1820.0,-1,1,1,-1,-1,1,-1
BA,O,2192.0,-1,-1,1,1,-1,-1,1
BA,P,1439.0,1,1,1,1,1,1,1
BA,Q,1624.0,1,-1,1,-1,1,-1,-1
BA,R,2344.0,-1,1,-1,-1,1,-1,1
BA,S,1417.0,-1,-1,-1,1,1,1,-1
BA,T,2129.0,1,1,-1,1,-1,-1,-1
BA,U,1509.0,1,-1,-1,-1,-1,1,1
BA,V,1302.0,-1,1,1,-1,-1,1,-1
BA,W,2525.0,-1,-1,1,1,-1,-1,1
BA,X,1617.0,1,1,1,1,1,1,1
BA,Y,1995.0,1,-1,1,-1,1,-1,-1
BA,Z,1918.0,-1,1,-1,-1,1,-1,1
BA,a,1757.0,-1,-1,-1,1,1,1,-1
BA,b,1265.0,1,1,-1,1,-1,-1,-1
BA,c,2544.0,1,-1,-1,-1,-1,1,1
BA,d,2763.0,-1,1,1,-1,-1,1,-1
BA,e,1480.0,-1,-1,1,1,-1,-1,1
BA,f,1020.0,1,1,1,1,1,1,1
BB,A,1726.0,-1,1,1,-1,-1,1,-1
BB,B,4977.0,-1,-1,1,1,-1,-1,1
BB,C,2970.0,1,1,1,1,1,1,1
BB,D,3896.0,1,-1,1,-1,1,-1,-1
BB,E,1439.0,-1,1,-1,-1,1,-1,1
BB,F,2404.0,-1,-1,-1,1,1,1,-1
BB,G,1947.0,1,1,-1,1,-1,-1,-1
BB,H,3023.0,1,-1,-1,-1,-1,1,1
BB,I,2830.0,-1,1,1,-1,-1,1,-1
BB,J,2871.0,-1,-1,1,1,-1,-1,1
BB,K,1709.0,1,1,1,1,1,1,1
BB,L,5143.65,1,-1,1,-1,1,-1,-1
BB,M,1757.0,-1,1,-1,-1,1,-1,1
BB,N,5143.65,-1,-1,-1,1,1,1,-1
BB,O,1391.0,1,1,-1,1,-1,-1,-1
BB,P,3743.0,1,-1,-1,-1,-1,1,1
BB,Q,4148.0,-1,1,1,-1,-1,1,-1
BB,R,5143.65,-1,-1,1,1,-1,-1,1
BB,S,2698.0,1,1,1,1,1,1,1
BB,T,3351.0,1,-1,1,-1,1,-1,-1
BB,U,4394.0,-1,1,-1,-1,1,-1,1
BB,V,2845.0,-1,-1,-1,1,1,1,-1
BB,W,3186.0,1,1,-1,1,-1,-1,-1
BB,X,5143.65,1,-1,-1,-1,-1,1,1
BB,Y,1995.0,-1,1,1,-1,-1,1,-1
BB,Z,3100.0,-1,-1,1,1,-1,-1,1
BB,a,1557.0,1,1,1,1,1,1,1
BB,b,3388.0,1,-1,1,-1,1,-1,-1
BB,c,1302.0,-1,1,-1,-1,1,-1,1
BB,d,3845.0,-1,-1,-1,1,1,1,-1
BB,e,2501.0,1,1,-1,1,-1,-1,-1
BB,f,2101.0,1,-1,-1,-1,-1,1,1
BC,A,1525.0,-1,-1,-1,1,1,1,-1
BC,B,1633.0,1,1,-1,1,-1,-1,-1
BC,C,1367.0,1,-1,-1,-1,-1,1,1
BC,D,1332.0,-1,1,1,-1,-1,1,-1
BC,E,1179.0,-1,-1,1,1,-1,-1,1
BC,F,1182.0,1,1,1,1,1,1,1
BC,G,4109.0,1,-1,1,-1,1,-1,-1
BC,H,579.0,-1,1,-1,-1,1,-1,1
BC,I,1128.0,-1,-1,-1,1,1,1,-1
BC,J,1228.0,1,1,-1,1,-1,-1,-1
BC,K,1789.0,1,-1,-1,-1,-1,1,1
BC,L,2207.0,-1,1,1,-1,-1,1,-1
BC,M,1997.0,-1,-1,1,1,-1,-1,1
BC,N,1099.0,1,1,1,1,1,1,1
BC,O,1311.0,1,-1,1,-1,1,-1,-1
BC,P,1339.0,-1,1,-1,-1,1,-1,1
BC,Q,1364.0,-1,-1,-1,1,1,1,-1
BC,R,1563.0,1,1,-1,1,-1,-1,-1
BC,S,3299.0,1,-1,-1,-1,-1,1,1
BC,T,2710.0,-1,1,1,-1,-1,1,-1
BC,U,1348.0,-1,-1,1,1,-1,-1,1
BC,V,1022.0,1,1,1,1,1,1,1
BC,W,2766.0,1,-1,1,-1,1,-1,-1
BC,X,336.0,-1,1,-1,-1,1,-1,1
BC,Y,1474.0,-1,-1,-1,1,1,1,-1
BC,Z,1357.0,1,1,-1,1,-1,-1,-1
BC,a,1517.0,1,-1,-1,-1,-1,1,1
BC,b,1926.0,-1,1,1,-1,-1,1,-1
BC,c,2324.0,-1,-1,1,1,-1,-1,1
BC,d,1822.0,1,1,1,1,1,1,1
BC,e,1480.0,1,-1,1,-1,1,-1,-1
BC,f,1180.0,-1,1,-1,-1,1,-1,1
BD,A,2628.0,1,1,1,1,1,1,1
BD,B,1853.0,1,-1,1,-1,1,-1,-1
BD,C,1407.0,-1,1,-1,-1,1,-1,1
BD,D,2514.0,-1,-1,-1,1,1,1,-1
BD,E,1519.0,1,1,-1,1,-1,-1,-1
BD,F,2404.0,1,-1,-1,-1,-1,1,1
BD,G,2848.0,-1,1,1,-1,-1,1,-1
BD,H,2962.0,-1,-1,1,1,-1,-1,1
BD,I,2389.0,1,1,1,1,1,1,1
BD,J,1869.0,1,-1,1,-1,1,-1,-1
BD,K,1278.0,-1,1,-1,-1,1,-1,1
BD,L,2868.0,-1,-1,-1,1,1,1,-1
BD,M,1196.0,1,1,-1,1,-1,-1,-1
BD,N,2171.0,1,-1,-1,-1,-1,1,1
BD,O,1591.0,-1,1,1,-1,-1,1,-1
BD,P,3983.0,-1,-1,1,1,-1,-1,1
BD,Q,2426.0,1,1,1,1,1,1,1
BD,R,2223.0,1,-1,1,-1,1,-1,-1
BD,S,1596.0,-1,1,-1,-1,1,-1,1
BD,T,1348.0,-1,-1,-1,1,1,1,-1
BD,U,1309.0,1,1,-1,1,-1,-1,-1
BD,V,1623.0,1,-1,-1,-1,-1,1,1
BD,W,2706.0,-1,1,1,-1,-1,1,-1
BD,X,4281.0,-1,-1,1,1,-1,-1,1
BD,Y,2075.0,1,1,1,1,1,1,1
BD,Z,3179.0,1,-1,1,-1,1,-1,-1
BD,a,1216.0,-1,1,-1,-1,1,-1,1
BD,b,2286.0,-1,-1,-1,1,1,1,-1
BD,c,1202.0,1,1,-1,1,-1,-1,-1
BD,d,1581.0,1,-1,-1,-1,-1,1,1
BD,e,1601.0,-1,1,1,-1,-1,1,-1
BD,f,1941.0,-1,-1,1,1,-1,-1,1
