district,person,year,score,party,class,age,religion,male
A0,A0,1,7,A,A,65,A,M
A0,A0,2,3,A,A,65,A,M
A0,A0,3,4,A,A,65,A,M
A0,A0,4,7,A,A,65,A,M
A0,A1,1,3,B,A,31,A,F
A0,A1,2,4,C,B,31,A,F
A0,A1,3,6,A,A,31,A,F
A0,A1,4,3,D,B,31,A,F
A1,A2,1,7,B,B,33,B,M
A1,A2,2,7,D,C,33,B,M
A1,A2,3,7,E,A,33,B,M
A1,A2,4,7,E,C,33,B,M
A1,A3,1,7,B,C,43,B,F
A1,A3,2,7,C,C,43,B,F
A1,A3,3,7,E,C,43,B,F
A1,A3,4,7,E,C,43,B,F
A1,A4,1,3,C,B,48,A,M
A1,A4,2,3,C,B,48,A,M
A1,A4,3,3,C,B,48,A,M
A1,A4,4,3,C,B,48,A,M
A1,A5,1,6,A,A,55,B,M
A1,A5,2,5,A,A,55,B,M
A1,A5,3,7,A,A,55,B,M
A1,A5,4,7,A,A,55,B,M
A1,A6,1,7,C,C,59,A,M
A1,A6,2,3,E,C,59,A,M
A1,A6,3,6,E,C,59,A,M
A1,A6,4,6,E,A,59,A,M
A2,A7,1,7,C,A,45,A,F
A2,A7,2,7,D,A,45,A,F
A2,A7,3,7,C,A,45,A,F
A2,A7,4,7,E,A,45,A,F
A2,A8,1,7,A,C,63,A,F
A2,A8,2,7,A,A,63,A,F
A2,A8,3,6,A,B,63,A,F
A2,A8,4,7,A,B,63,A,F
A2,A9,1,4,C,C,24,C,F
A2,A9,2,5,C,C,24,C,F
A2,A9,3,6,C,A,24,C,F
A2,A9,4,7,C,A,24,C,F
A3,AA,1,3,E,A,49,B,M
A3,AA,2,7,E,A,49,B,M
A3,AA,3,3,E,A,49,B,M
A3,AA,4,3,E,A,49,B,M
A3,AB,1,3,C,C,50,C,F
A3,AB,2,3,C,C,50,C,F
A3,AB,3,7,C,C,50,C,F
A3,AB,4,7,C,C,50,C,F
A3,AC,1,6,A,A,51,A,F
A3,AC,2,4,A,A,51,A,F
A3,AC,3,3,A,A,51,A,F
A3,AC,4,4,A,A,51,A,F
A3,AD,1,6,C,A,21,B,M
A3,AD,2,7,A,A,21,B,M
A3,AD,3,6,A,A,21,B,M
A3,AD,4,7,A,C,21,B,M
A3,AE,1,7,A,A,27,D,M
A3,AE,2,5,A,C,27,D,M
A3,AE,3,7,A,C,27,D,M
A3,AE,4,7,A,C,27,D,M
A3,AF,1,4,C,C,72,A,F
A3,AF,2,3,C,B,72,A,F
A3,AF,3,5,C,B,72,A,F
A3,AF,4,5,C,C,72,A,F
A4,AG,1,5,A,A,66,C,M
A4,AG,2,3,A,A,66,C,M
A4,AG,3,3,A,A,66,C,M
A4,AG,4,3,A,A,66,C,M
A4,AH,1,7,A,A,35,A,F
A4,AH,2,7,A,A,35,A,F
A4,AH,3,7,A,A,35,A,F
A4,AH,4,6,A,A,35,A,F
A4,AI,1,1,E,A,54,C,F
A4,AI,2,3,E,A,54,C,F
A4,AI,3,3,E,A,54,C,F
A4,AI,4,3,E,A,54,C,F
A4,AJ,1,7,A,A,34,B,F
A4,AJ,2,6,A,A,34,B,F
A4,AJ,3,7,A,A,34,B,F
A4,AJ,4,7,A,A,34,B,F
A5,AK,1,1,B,C,18,D,M
A5,AK,2,3,D,A,18,D,M
A5,AK,3,5,D,A,18,D,M
A5,AK,4,3,D,A,18,D,M
A5,AL,1,4,C,A,28,B,M
A5,AL,2,4,C,A,28,B,M
A5,AL,3,7,C,A,28,B,M
A5,AL,4,5,C,A,28,B,M
A6,AM,1,3,A,C,51,C,F
A6,AM,2,3,A,C,51,C,F
A6,AM,3,3,E,C,51,C,F
A6,AM,4,3,E,A,51,C,F
A6,AN,1,1,A,A,56,C,M
A6,AN,2,3,A,A,56,C,M
A6,AN,3,2,D,A,56,C,M
A6,AN,4,1,D,C,56,C,M
A6,AO,1,7,A,A,36,B,M
A6,AO,2,7,A,A,36,B,M
A6,AO,3,7,A,A,36,B,M
A6,AO,4,7,A,A,36,B,M
A6,AP,1,5,A,B,27,D,F
A6,AP,2,3,D,C,27,D,F
A6,AP,3,7,A,C,27,D,F
A6,AP,4,6,A,A,27,D,F
A6,AQ,1,6,C,C,33,C,M
A6,AQ,2,3,C,C,33,C,M
A6,AQ,3,7,C,C,33,C,M
A6,AQ,4,6,C,C,33,C,M
A6,AR,1,7,E,A,24,B,F
A6,AR,2,5,A,A,24,B,F
A6,AR,3,3,A,A,24,B,F
A6,AR,4,6,A,A,24,B,F
A6,AS,1,5,A,C,65,C,F
A6,AS,2,5,A,A,65,C,F
A6,AS,3,4,A,C,65,C,F
A6,AS,4,5,E,A,65,C,F
A7,AT,1,5,A,A,19,B,F
A7,AT,2,3,A,A,19,B,F
A7,AT,3,3,A,B,19,B,F
A7,AT,4,3,A,A,19,B,F
A7,AU,1,6,C,A,31,B,M
A7,AU,2,5,C,A,31,B,M
A7,AU,3,6,C,A,31,B,M
A7,AU,4,6,C,A,31,B,M
A7,AV,1,3,A,A,65,C,F
A7,AV,2,4,A,A,65,C,F
A7,AV,3,3,A,A,65,C,F
A7,AV,4,3,A,A,65,C,F
A7,AW,1,7,A,B,60,B,M
A7,AW,2,6,A,A,60,B,M
A7,AW,3,6,A,C,60,B,M
A7,AW,4,5,A,A,60,B,M
A7,AX,1,6,C,A,38,B,F
A7,AX,2,4,C,A,38,B,F
A7,AX,3,6,C,A,38,B,F
A7,AX,4,3,C,A,38,B,F
A7,AY,1,3,A,A,48,C,M
A7,AY,2,3,A,A,48,C,M
A7,AY,3,3,D,A,48,C,M
A7,AY,4,3,A,A,48,C,M
A7,AZ,1,5,C,C,35,C,M
A7,AZ,2,5,C,B,35,C,M
A7,AZ,3,4,C,B,35,C,M
A7,AZ,4,3,C,C,35,C,M
A7,Aa,1,0,C,B,73,D,M
A7,Aa,2,0,C,B,73,D,M
A7,Aa,3,1,C,C,73,D,M
A7,Aa,4,0,C,B,73,D,M
A7,Ab,1,5,A,A,55,B,F
A7,Ab,2,4,A,A,55,B,F
A7,Ab,3,6,A,A,55,B,F
A7,Ab,4,5,A,A,55,B,F
A8,Ac,1,6,C,A,31,C,M
A8,Ac,2,4,C,A,31,C,M
A8,Ac,3,6,C,A,31,C,M
A8,Ac,4,7,E,A,31,C,M
A8,Ad,1,4,A,A,46,C,F
A8,Ad,2,4,A,A,46,C,F
A8,Ad,3,2,A,A,46,C,F
A8,Ad,4,2,A,A,46,C,F
A8,Ae,1,3,A,A,54,C,M
A8,Ae,2,2,A,B,54,C,M
A8,Ae,3,5,A,A,54,C,M
A8,Ae,4,7,A,A,54,C,M
A9,Af,1,4,D,A,21,B,F
A9,Af,2,3,C,A,21,B,F
A9,Af,3,7,A,A,21,B,F
A9,Af,4,4,A,A,21,B,F
A9,Ag,1,5,A,A,23,D,F
A9,Ag,2,3,A,A,23,D,F
A9,Ag,3,3,A,A,23,D,F
A9,Ag,4,3,A,A,23,D,F
A9,Ah,1,3,A,A,20,D,M
A9,Ah,2,4,A,A,20,D,M
A9,Ah,3,3,A,A,20,D,M
A9,Ah,4,7,A,A,20,D,M
A9,Ai,1,3,D,B,25,B,M
A9,Ai,2,3,E,B,25,B,M
A9,Ai,3,3,D,A,25,B,M
A9,Ai,4,2,D,A,25,B,M
AA,Aj,1,3,C,B,67,C,F
AA,Aj,2,2,C,C,67,C,F
AA,Aj,3,2,C,A,67,C,F
AA,Aj,4,2,C,C,67,C,F
AA,Ak,1,6,E,B,73,C,F
AA,Ak,2,7,A,B,73,C,F
AA,Ak,3,5,E,B,73,C,F
AA,Ak,4,5,A,B,73,C,F
AA,Al,1,5,A,A,44,C,F
AA,Al,2,3,A,A,44,C,F
AA,Al,3,3,A,A,44,C,F
AA,Al,4,3,A,A,44,C,F
AA,Am,1,3,A,B,57,C,M
AA,Am,2,4,A,C,57,C,M
AA,Am,3,2,A,C,57,C,M
AA,Am,4,3,E,C,57,C,M
AA,An,1,7,C,B,26,C,M
AA,An,2,7,E,B,26,C,M
AA,An,3,3,C,B,26,C,M
AA,An,4,6,C,B,26,C,M
AA,Ao,1,7,A,C,28,B,M
AA,Ao,2,7,A,B,28,B,M
AA,Ao,3,7,A,B,28,B,M
AA,Ao,4,6,A,B,28,B,M
AA,Ap,1,6,C,B,35,C,M
AA,Ap,2,6,C,B,35,C,M
AA,Ap,3,7,C,B,35,C,M
AA,Ap,4,7,C,B,35,C,M
AB,Aq,1,6,A,C,33,B,F
AB,Aq,2,3,A,A,33,B,F
AB,Aq,3,4,A,A,33,B,F
AB,Aq,4,7,A,A,33,B,F
AB,Ar,1,4,B,A,76,C,F
AB,Ar,2,2,D,A,76,C,F
AB,Ar,3,4,D,A,76,C,F
AB,Ar,4,4,D,A,76,C,F
AB,As,1,4,B,A,50,A,M
AB,As,2,3,B,C,50,A,M
AB,As,3,7,A,A,50,A,M
AB,As,4,7,D,A,50,A,M
AC,At,1,6,A,C,34,B,M
AC,At,2,7,A,C,34,B,M
AC,At,3,7,A,C,34,B,M
AC,At,4,7,A,C,34,B,M
AC,Au,1,5,E,A,34,D,F
AC,Au,2,7,A,A,34,D,F
AC,Au,3,7,C,A,34,D,F
AC,Au,4,7,E,A,34,D,F
AC,Av,1,6,C,A,38,A,M
AC,Av,2,3,C,A,38,A,M
AC,Av,3,4,C,A,38,A,M
AC,Av,4,6,C,A,38,A,M
AC,Aw,1,3,A,A,25,A,F
AC,Aw,2,2,A,A,25,A,F
AC,Aw,3,3,A,A,25,A,F
AC,Aw,4,3,A,A,25,A,F
AD,Ax,1,5,A,A,50,A,M
AD,Ax,2,4,A,A,50,A,M
AD,Ax,3,6,A,A,50,A,M
AD,Ax,4,5,A,A,50,A,M
AD,Ay,1,3,A,C,19,D,M
AD,Ay,2,2,A,C,19,D,M
AD,Ay,3,3,A,C,19,D,M
AD,Ay,4,1,A,A,19,D,M
AD,Az,1,2,E,A,32,C,F
AD,Az,2,1,A,C,32,C,F
AD,Az,3,1,E,C,32,C,F
AD,Az,4,1,E,A,32,C,F
AD,B0,1,4,E,A,42,A,F
AD,B0,2,2,E,A,42,A,F
AD,B0,3,4,A,A,42,A,F
AD,B0,4,4,D,A,42,A,F
AD,B1,1,3,C,C,21,B,M
AD,B1,2,3,C,C,21,B,M
AD,B1,3,2,C,C,21,B,M
AD,B1,4,3,C,C,21,B,M
AD,B2,1,3,C,A,71,A,M
AD,B2,2,3,C,A,71,A,M
AD,B2,3,4,C,A,71,A,M
AD,B2,4,7,C,A,71,A,M
AD,B3,1,7,C,B,19,B,M
AD,B3,2,7,C,B,19,B,M
AD,B3,3,6,C,B,19,B,M
AD,B3,4,6,C,B,19,B,M
AD,B4,1,6,E,B,49,B,M
AD,B4,2,7,E,B,49,B,M
AD,B4,3,6,E,B,49,B,M
AD,B4,4,7,E,B,49,B,M
AD,B5,1,5,C,A,37,B,F
AD,B5,2,5,A,A,37,B,F
AD,B5,3,5,A,A,37,B,F
AD,B5,4,4,A,A,37,B,F
AE,B6,1,4,A,A,45,A,F
AE,B6,2,4,A,A,45,A,F
AE,B6,3,7,A,A,45,A,F
AE,B6,4,4,A,A,45,A,F
AE,B7,1,5,B,C,23,B,M
AE,B7,2,4,C,C,23,B,M
AE,B7,3,7,C,C,23,B,M
AE,B7,4,5,C,C,23,B,M
AE,B8,1,4,A,C,59,B,M
AE,B8,2,3,A,A,59,B,M
AE,B8,3,5,A,A,59,B,M
AE,B8,4,4,A,A,59,B,M
AE,B9,1,5,B,B,23,B,F
AE,B9,2,3,A,B,23,B,F
AE,B9,3,5,A,B,23,B,F
AE,B9,4,3,A,B,23,B,F
AF,BA,1,4,C,A,42,B,M
AF,BA,2,3,C,A,42,B,M
AF,BA,3,3,C,A,42,B,M
AF,BA,4,3,C,A,42,B,M
AF,BB,1,3,E,A,45,B,M
AF,BB,2,3,E,A,45,B,M
AF,BB,3,4,A,A,45,B,M
AF,BB,4,5,E,A,45,B,M
AG,BC,1,5,C,C,80,A,M
AG,BC,2,4,C,A,80,A,M
AG,BC,3,0,C,B,80,A,M
AG,BC,4,7,C,B,80,A,M
AG,BD,1,7,B,A,49,B,M
AG,BD,2,7,A,A,49,B,M
AG,BD,3,7,A,A,49,B,M
AG,BD,4,7,A,A,49,B,M
AG,BE,1,5,C,C,65,A,F
AG,BE,2,7,C,C,65,A,F
AG,BE,3,4,C,C,65,A,F
AG,BE,4,6,C,C,65,A,F
AH,BF,1,6,A,A,61,A,F
AH,BF,2,4,A,A,61,A,F
AH,BF,3,7,A,A,61,A,F
AH,BF,4,7,A,A,61,A,F
AH,BG,1,6,A,A,30,B,M
AH,BG,2,7,A,A,30,B,M
AH,BG,3,4,A,A,30,B,M
AH,BG,4,6,C,A,30,B,M
AH,BH,1,4,A,C,37,C,F
AH,BH,2,3,A,A,37,C,F
AH,BH,3,3,A,A,37,C,F
AH,BH,4,3,A,A,37,C,F
AH,BI,1,2,A,A,55,D,M
AH,BI,2,3,A,A,55,D,M
AH,BI,3,3,A,A,55,D,M
AH,BI,4,3,A,A,55,D,M
AI,BJ,1,7,A,C,29,C,F
AI,BJ,2,7,A,C,29,C,F
AI,BJ,3,7,A,B,29,C,F
AI,BJ,4,7,A,B,29,C,F
AI,BK,1,6,C,A,67,A,F
AI,BK,2,3,C,A,67,A,F
AI,BK,3,4,C,A,67,A,F
AI,BK,4,7,C,A,67,A,F
AI,BL,1,7,C,A,43,A,F
AI,BL,2,7,C,C,43,A,F
AI,BL,3,7,C,A,43,A,F
AI,BL,4,7,C,A,43,A,F
AI,BM,1,7,E,C,50,A,F
AI,BM,2,7,A,C,50,A,F
AI,BM,3,7,A,C,50,A,F
AI,BM,4,7,A,C,50,A,F
AI,BN,1,7,C,A,60,B,M
AI,BN,2,7,C,A,60,B,M
AI,BN,3,7,C,A,60,B,M
AI,BN,4,7,C,A,60,B,M
AI,BO,1,3,C,B,60,A,F
AI,BO,2,4,C,B,60,A,F
AI,BO,3,3,C,B,60,A,F
AI,BO,4,3,C,B,60,A,F
AI,BP,1,6,E,B,23,C,F
AI,BP,2,3,E,B,23,C,F
AI,BP,3,7,E,B,23,C,F
AI,BP,4,6,E,A,23,C,F
AI,BQ,1,5,A,A,48,B,F
AI,BQ,2,4,E,A,48,B,F
AI,BQ,3,5,E,A,48,B,F
AI,BQ,4,4,A,A,48,B,F
AJ,BR,1,2,E,C,57,D,F
AJ,BR,2,1,E,C,57,D,F
AJ,BR,3,1,A,C,57,D,F
AJ,BR,4,2,A,C,57,D,F
AJ,BS,1,5,A,A,45,B,F
AJ,BS,2,3,A,A,45,B,F
AJ,BS,3,4,A,A,45,B,F
AJ,BS,4,3,A,A,45,B,F
AJ,BT,1,7,E,C,45,B,F
AJ,BT,2,6,D,A,45,B,F
AJ,BT,3,6,E,A,45,B,F
AJ,BT,4,7,E,A,45,B,F
AJ,BU,1,7,A,B,26,B,F
AJ,BU,2,6,A,B,26,B,F
AJ,BU,3,7,A,B,26,B,F
AJ,BU,4,7,E,B,26,B,F
AJ,BV,1,7,E,C,56,B,F
AJ,BV,2,7,E,B,56,B,F
AJ,BV,3,7,E,A,56,B,F
AJ,BV,4,7,D,A,56,B,F
AJ,BW,1,4,A,A,31,B,M
AJ,BW,2,3,A,A,31,B,M
AJ,BW,3,5,A,A,31,B,M
AJ,BW,4,4,A,A,31,B,M
AJ,BX,1,4,A,C,64,A,F
AJ,BX,2,6,A,A,64,A,F
AJ,BX,3,2,E,A,64,A,F
AJ,BX,4,5,E,C,64,A,F
AJ,BY,1,7,A,A,67,B,M
AJ,BY,2,5,A,A,67,B,M
AJ,BY,3,7,A,A,67,B,M
AJ,BY,4,7,A,A,67,B,M
AJ,BZ,1,4,A,A,47,A,F
AJ,BZ,2,3,A,C,47,A,F
AJ,BZ,3,3,A,A,47,A,F
AJ,BZ,4,3,A,A,47,A,F
AK,Ba,1,2,A,A,37,A,M
AK,Ba,2,3,A,A,37,A,M
AK,Ba,3,5,A,A,37,A,M
AK,Ba,4,7,A,A,37,A,M
AK,Bb,1,7,C,A,38,A,F
AK,Bb,2,5,C,A,38,A,F
AK,Bb,3,7,C,A,38,A,F
AK,Bb,4,7,C,A,38,A,F
AK,Bc,1,7,C,C,33,A,F
AK,Bc,2,7,C,C,33,A,F
AK,Bc,3,7,C,C,33,A,F
AK,Bc,4,7,C,B,33,A,F
AL,Bd,1,6,E,A,32,A,F
AL,Bd,2,5,E,C,32,A,F
AL,Bd,3,6,E,C,32,A,F
AL,Bd,4,6,E,A,32,A,F
AL,Be,1,3,E,A,55,A,F
AL,Be,2,3,E,A,55,A,F
AL,Be,3,3,E,A,55,A,F
AL,Be,4,7,E,A,55,A,F
AL,Bf,1,5,C,A,80,A,F
AL,Bf,2,5,C,A,80,A,F
AL,Bf,3,7,C,A,80,A,F
AL,Bf,4,7,C,B,80,A,F
AL,Bg,1,7,E,A,62,C,F
AL,Bg,2,7,E,A,62,C,F
AL,Bg,3,6,E,A,62,C,F
AL,Bg,4,6,E,A,62,C,F
AL,Bh,1,7,A,B,42,A,F
AL,Bh,2,7,A,B,42,A,F
AL,Bh,3,7,A,B,42,A,F
AL,Bh,4,7,A,B,42,A,F
AM,Bi,1,3,A,C,25,A,F
AM,Bi,2,3,A,A,25,A,F
AM,Bi,3,5,A,A,25,A,F
AM,Bi,4,6,E,A,25,A,F
AN,Bj,1,1,B,A,30,A,F
AN,Bj,2,1,A,A,30,A,F
AN,Bj,3,5,C,A,30,A,F
AN,Bj,4,3,B,A,30,A,F
AN,Bk,1,7,A,A,60,A,F
AN,Bk,2,3,A,A,60,A,F
AN,Bk,3,4,A,A,60,A,F
AN,Bk,4,5,A,A,60,A,F
AN,Bl,1,6,B,A,37,B,M
AN,Bl,2,5,A,A,37,B,M
AN,Bl,3,0,A,A,37,B,M
AN,Bl,4,5,E,A,37,B,M
AN,Bm,1,6,A,C,79,C,F
AN,Bm,2,4,A,B,79,C,F
AN,Bm,3,4,A,B,79,C,F
AN,Bm,4,5,A,C,79,C,F
AO,Bn,1,3,C,B,65,A,M
AO,Bn,2,3,C,B,65,A,M
AO,Bn,3,3,C,B,65,A,M
AO,Bn,4,3,C,B,65,A,M
AO,Bo,1,4,C,B,63,A,F
AO,Bo,2,3,C,B,63,A,F
AO,Bo,3,5,C,B,63,A,F
AO,Bo,4,6,C,B,63,A,F
AO,Bp,1,4,E,B,30,A,F
AO,Bp,2,3,E,B,30,A,F
AO,Bp,3,4,E,B,30,A,F
AO,Bp,4,6,E,B,30,A,F
AO,Bq,1,7,C,C,35,A,M
AO,Bq,2,7,C,C,35,A,M
AO,Bq,3,7,C,C,35,A,M
AO,Bq,4,7,C,C,35,A,M
AP,Br,1,5,C,C,38,A,F
AP,Br,2,5,C,C,38,A,F
AP,Br,3,5,C,C,38,A,F
AP,Br,4,7,C,C,38,A,F
AP,Bs,1,7,C,A,53,A,F
AP,Bs,2,7,C,A,53,A,F
AP,Bs,3,7,C,A,53,A,F
AP,Bs,4,7,E,A,53,A,F
AP,Bt,1,3,A,C,39,B,M
AP,Bt,2,3,A,C,39,B,M
AP,Bt,3,3,A,C,39,B,M
AP,Bt,4,3,A,A,39,B,M
AP,Bu,1,3,C,A,46,A,F
AP,Bu,2,3,E,A,46,A,F
AP,Bu,3,3,C,A,46,A,F
AP,Bu,4,2,E,A,46,A,F
AQ,Bv,1,6,A,A,47,C,M
AQ,Bv,2,3,A,A,47,C,M
AQ,Bv,3,6,A,A,47,C,M
AQ,Bv,4,7,A,A,47,C,M
AR,Bw,1,5,A,A,29,B,F
AR,Bw,2,3,E,A,29,B,F
AR,Bw,3,3,A,A,29,B,F
AR,Bw,4,3,A,A,29,B,F
AR,Bx,1,5,C,C,53,A,M
AR,Bx,2,5,C,A,53,A,M
AR,Bx,3,7,C,C,53,A,M
AR,Bx,4,7,C,C,53,A,M
AR,By,1,3,C,A,58,A,F
AR,By,2,3,C,A,58,A,F
AR,By,3,3,C,A,58,A,F
AR,By,4,3,C,A,58,A,F
AR,Bz,1,4,B,A,38,B,F
AR,Bz,2,4,D,C,38,B,F
AR,Bz,3,5,D,A,38,B,F
AR,Bz,4,7,D,A,38,B,F
AR,C0,1,3,C,B,27,B,F
AR,C0,2,3,C,B,27,B,F
AR,C0,3,3,C,C,27,B,F
AR,C0,4,3,C,C,27,B,F
AR,C1,1,7,A,C,18,B,M
AR,C1,2,2,A,A,18,B,M
AR,C1,3,5,A,B,18,B,M
AR,C1,4,4,E,C,18,B,M
AR,C2,1,6,E,A,36,D,F
AR,C2,2,4,E,C,36,D,F
AR,C2,3,7,E,C,36,D,F
AR,C2,4,6,E,A,36,D,F
AR,C3,1,7,C,C,34,B,F
AR,C3,2,7,C,C,34,B,F
AR,C3,3,7,C,C,34,B,F
AR,C3,4,7,C,C,34,B,F
AS,C4,1,3,C,A,38,B,M
AS,C4,2,6,A,A,38,B,M
AS,C4,3,7,D,A,38,B,M
AS,C4,4,7,D,C,38,B,M
AS,C5,1,5,A,A,25,A,F
AS,C5,2,3,A,A,25,A,F
AS,C5,3,5,A,A,25,A,F
AS,C5,4,5,C,A,25,A,F
AS,C6,1,7,A,A,42,A,M
AS,C6,2,5,A,A,42,A,M
AS,C6,3,7,A,A,42,A,M
AS,C6,4,7,A,A,42,A,M
AT,C7,1,4,A,A,21,B,F
AT,C7,2,3,A,A,21,B,F
AT,C7,3,2,A,A,21,B,F
AT,C7,4,2,A,A,21,B,F
AT,C8,1,7,E,C,38,B,F
AT,C8,2,7,E,B,38,B,F
AT,C8,3,7,E,B,38,B,F
AT,C8,4,7,E,B,38,B,F
AT,C9,1,7,C,A,36,A,M
AT,C9,2,4,C,C,36,A,M
AT,C9,3,5,C,C,36,A,M
AT,C9,4,5,C,C,36,A,M
AT,CA,1,7,C,A,33,B,M
AT,CA,2,6,C,A,33,B,M
AT,CA,3,7,C,C,33,B,M
AT,CA,4,7,C,A,33,B,M
AT,CB,1,7,A,A,22,B,M
AT,CB,2,3,A,A,22,B,M
AT,CB,3,3,A,C,22,B,M
AT,CB,4,6,A,A,22,B,M
AT,CC,1,7,D,A,73,B,M
AT,CC,2,7,A,A,73,B,M
AT,CC,3,7,A,A,73,B,M
AT,CC,4,7,A,A,73,B,M
AT,CD,1,7,C,C,29,B,M
AT,CD,2,7,C,C,29,B,M
AT,CD,3,7,C,C,29,B,M
AT,CD,4,7,C,C,29,B,M
AU,CE,1,7,E,C,56,D,M
AU,CE,2,7,E,A,56,D,M
AU,CE,3,5,E,C,56,D,M
AU,CE,4,7,E,C,56,D,M
AV,CF,1,7,A,C,37,A,F
AV,CF,2,6,A,C,37,A,F
AV,CF,3,6,A,C,37,A,F
AV,CF,4,6,A,A,37,A,F
AV,CG,1,7,A,A,32,B,M
AV,CG,2,5,A,A,32,B,M
AV,CG,3,6,A,A,32,B,M
AV,CG,4,6,A,A,32,B,M
AV,CH,1,7,A,A,69,A,F
AV,CH,2,4,A,B,69,A,F
AV,CH,3,3,A,A,69,A,F
AV,CH,4,7,A,A,69,A,F
AV,CI,1,7,C,B,42,B,M
AV,CI,2,4,C,B,42,B,M
AV,CI,3,3,C,C,42,B,M
AV,CI,4,4,C,C,42,B,M
AV,CJ,1,5,A,C,56,A,M
AV,CJ,2,7,A,A,56,A,M
AV,CJ,3,7,A,C,56,A,M
AV,CJ,4,7,E,C,56,A,M
AV,CK,1,4,C,A,51,A,F
AV,CK,2,3,C,A,51,A,F
AV,CK,3,3,C,A,51,A,F
AV,CK,4,5,C,A,51,A,F
AV,CL,1,5,C,A,21,B,F
AV,CL,2,7,A,A,21,B,F
AV,CL,3,3,A,A,21,B,F
AV,CL,4,6,A,A,21,B,F
AV,CM,1,5,A,C,45,A,F
AV,CM,2,3,A,C,45,A,F
AV,CM,3,5,A,C,45,A,F
AV,CM,4,3,A,B,45,A,F
AV,CN,1,4,E,A,75,A,M
AV,CN,2,2,E,A,75,A,M
AV,CN,3,3,E,C,75,A,M
AV,CN,4,7,E,A,75,A,M
AW,CO,1,3,E,A,28,D,M
AW,CO,2,4,E,A,28,D,M
AW,CO,3,4,E,A,28,D,M
AW,CO,4,4,E,A,28,D,M
AW,CP,1,6,C,B,34,B,M
AW,CP,2,6,E,B,34,B,M
AW,CP,3,7,E,B,34,B,M
AW,CP,4,7,E,B,34,B,M
AW,CQ,1,3,C,A,24,B,F
AW,CQ,2,3,C,C,24,B,F
AW,CQ,3,5,C,C,24,B,F
AW,CQ,4,3,E,A,24,B,F
AW,CR,1,7,E,B,36,B,F
AW,CR,2,6,E,B,36,B,F
AW,CR,3,7,E,B,36,B,F
AW,CR,4,6,E,B,36,B,F
AW,CS,1,5,C,C,25,B,M
AW,CS,2,7,C,A,25,B,M
AW,CS,3,3,C,C,25,B,M
AW,CS,4,7,C,C,25,B,M
AW,CT,1,2,C,B,25,A,M
AW,CT,2,2,C,B,25,A,M
AW,CT,3,3,E,B,25,A,M
AW,CT,4,2,E,C,25,A,M
AW,CU,1,3,C,C,60,A,F
AW,CU,2,3,C,B,60,A,F
AW,CU,3,3,C,C,60,A,F
AW,CU,4,3,C,B,60,A,F
AW,CV,1,3,E,B,35,C,F
AW,CV,2,2,E,B,35,C,F
AW,CV,3,2,E,B,35,C,F
AW,CV,4,1,E,B,35,C,F
AX,CW,1,4,C,B,63,D,F
AX,CW,2,1,C,B,63,D,F
AX,CW,3,2,C,B,63,D,F
AX,CW,4,1,C,A,63,D,F
AX,CX,1,5,A,A,46,B,M
AX,CX,2,3,A,A,46,B,M
AX,CX,3,6,A,A,46,B,M
AX,CX,4,5,A,A,46,B,M
AX,CY,1,7,E,B,48,A,M
AX,CY,2,7,E,B,48,A,M
AX,CY,3,5,E,B,48,A,M
AX,CY,4,4,E,B,48,A,M
AX,CZ,1,5,E,C,62,A,F
AX,CZ,2,3,E,A,62,A,F
AX,CZ,3,4,E,A,62,A,F
AX,CZ,4,4,E,A,62,A,F
AY,Ca,1,3,C,B,49,C,M
AY,Ca,2,2,C,B,49,C,M
AY,Ca,3,6,C,B,49,C,M
AY,Ca,4,6,C,B,49,C,M
AY,Cb,1,4,E,C,24,A,M
AY,Cb,2,3,A,C,24,A,M
AY,Cb,3,4,E,C,24,A,M
AY,Cb,4,5,E,C,24,A,M
AY,Cc,1,7,B,A,27,B,F
AY,Cc,2,5,E,A,27,B,F
AY,Cc,3,7,E,A,27,B,F
AY,Cc,4,7,E,A,27,B,F
AY,Cd,1,4,C,B,74,C,F
AY,Cd,2,6,C,B,74,C,F
AY,Cd,3,7,C,B,74,C,F
AY,Cd,4,3,C,B,74,C,F
AY,Ce,1,4,A,C,25,B,M
AY,Ce,2,3,A,C,25,B,M
AY,Ce,3,6,A,C,25,B,M
AY,Ce,4,4,A,C,25,B,M
AY,Cf,1,3,E,B,39,B,M
AY,Cf,2,3,E,B,39,B,M
AY,Cf,3,3,E,B,39,B,M
AY,Cf,4,3,E,B,39,B,M
AY,Cg,1,7,A,B,26,B,F
AY,Cg,2,7,A,B,26,B,F
AY,Cg,3,7,A,B,26,B,F
AY,Cg,4,7,A,B,26,B,F
AY,Ch,1,3,B,C,60,C,F
AY,Ch,2,3,A,C,60,C,F
AY,Ch,3,3,D,C,60,C,F
AY,Ch,4,3,A,C,60,C,F
AZ,Ci,1,7,E,A,31,A,M
AZ,Ci,2,3,C,A,31,A,M
AZ,Ci,3,3,E,A,31,A,M
AZ,Ci,4,7,E,C,31,A,M
AZ,Cj,1,3,E,C,52,A,F
AZ,Cj,2,3,E,C,52,A,F
AZ,Cj,3,3,E,C,52,A,F
AZ,Cj,4,4,E,C,52,A,F
AZ,Ck,1,7,A,A,26,A,M
AZ,Ck,2,7,B,A,26,A,M
AZ,Ck,3,6,E,A,26,A,M
AZ,Ck,4,7,E,A,26,A,M
AZ,Cl,1,5,C,B,52,A,F
AZ,Cl,2,3,C,B,52,A,F
AZ,Cl,3,4,C,B,52,A,F
AZ,Cl,4,4,C,B,52,A,F
AZ,Cm,1,7,A,A,78,B,M
AZ,Cm,2,5,A,A,78,B,M
AZ,Cm,3,7,A,A,78,B,M
AZ,Cm,4,6,A,C,78,B,M
AZ,Cn,1,7,C,A,50,A,M
AZ,Cn,2,2,C,C,50,A,M
AZ,Cn,3,7,C,A,50,A,M
AZ,Cn,4,6,C,C,50,A,M
AZ,Co,1,3,C,A,48,C,M
AZ,Co,2,3,C,B,48,C,M
AZ,Co,3,3,C,A,48,C,M
AZ,Co,4,3,E,A,48,C,M
Aa,Cp,1,3,C,B,40,A,F
Aa,Cp,2,7,C,B,40,A,F
Aa,Cp,3,4,C,B,40,A,F
Aa,Cp,4,5,C,B,40,A,F
Aa,Cq,1,6,E,C,40,C,M
Aa,Cq,2,6,B,C,40,C,M
Aa,Cq,3,6,E,C,40,C,M
Aa,Cq,4,6,E,C,40,C,M
Aa,Cr,1,4,A,A,21,A,F
Aa,Cr,2,6,A,A,21,A,F
Aa,Cr,3,6,A,A,21,A,F
Aa,Cr,4,5,A,C,21,A,F
Aa,Cs,1,7,E,A,35,A,F
Aa,Cs,2,7,E,A,35,A,F
Aa,Cs,3,7,E,A,35,A,F
Aa,Cs,4,7,E,C,35,A,F
Aa,Ct,1,7,E,B,37,A,M
Aa,Ct,2,7,E,B,37,A,M
Aa,Ct,3,7,E,B,37,A,M
Aa,Ct,4,7,E,B,37,A,M
Aa,Cu,1,4,A,A,68,D,M
Aa,Cu,2,3,A,A,68,D,M
Aa,Cu,3,4,A,A,68,D,M
Aa,Cu,4,3,A,A,68,D,M
Ab,Cv,1,4,C,C,43,A,F
Ab,Cv,2,3,C,C,43,A,F
Ab,Cv,3,2,C,C,43,A,F
Ab,Cv,4,6,A,C,43,A,F
Ab,Cw,1,7,C,B,20,B,F
Ab,Cw,2,7,C,C,20,B,F
Ab,Cw,3,7,C,C,20,B,F
Ab,Cw,4,7,C,C,20,B,F
Ab,Cx,1,7,C,B,46,A,F
Ab,Cx,2,3,C,B,46,A,F
Ab,Cx,3,3,E,B,46,A,F
Ab,Cx,4,6,C,B,46,A,F
Ab,Cy,1,7,C,B,53,B,F
Ab,Cy,2,7,C,C,53,B,F
Ab,Cy,3,7,C,B,53,B,F
Ab,Cy,4,7,C,B,53,B,F
Ac,Cz,1,4,C,C,66,A,M
Ac,Cz,2,4,C,C,66,A,M
Ac,Cz,3,3,C,B,66,A,M
Ac,Cz,4,6,C,C,66,A,M
Ac,D0,1,7,C,B,51,B,M
Ac,D0,2,7,C,B,51,B,M
Ac,D0,3,7,C,B,51,B,M
Ac,D0,4,7,C,B,51,B,M
Ac,D1,1,6,E,A,49,A,M
Ac,D1,2,4,E,A,49,A,M
Ac,D1,3,6,E,A,49,A,M
Ac,D1,4,6,E,C,49,A,M
Ac,D2,1,3,A,A,74,A,F
Ac,D2,2,4,A,A,74,A,F
Ac,D2,3,4,A,A,74,A,F
Ac,D2,4,3,A,A,74,A,F
Ac,D3,1,7,C,C,58,B,F
Ac,D3,2,7,C,C,58,B,F
Ac,D3,3,7,C,C,58,B,F
Ac,D3,4,7,C,A,58,B,F
Ad,D4,1,7,A,A,39,A,F
Ad,D4,2,3,A,A,39,A,F
Ad,D4,3,7,E,A,39,A,F
Ad,D4,4,7,E,A,39,A,F
Ad,D5,1,3,C,C,66,C,F
Ad,D5,2,3,C,A,66,C,F
Ad,D5,3,3,C,A,66,C,F
Ad,D5,4,6,C,A,66,C,F
Ad,D6,1,5,A,A,21,B,F
Ad,D6,2,6,A,A,21,B,F
Ad,D6,3,7,A,A,21,B,F
Ad,D6,4,6,A,A,21,B,F
Ad,D7,1,5,B,C,27,A,F
Ad,D7,2,4,D,C,27,A,F
Ad,D7,3,3,D,C,27,A,F
Ad,D7,4,6,D,A,27,A,F
Ad,D8,1,7,A,A,40,B,M
Ad,D8,2,7,A,A,40,B,M
Ad,D8,3,7,A,A,40,B,M
Ad,D8,4,5,A,A,40,B,M
Ad,D9,1,7,A,C,73,B,M
Ad,D9,2,3,A,C,73,B,M
Ad,D9,3,7,A,A,73,B,M
Ad,D9,4,7,A,C,73,B,M
Ae,DA,1,5,A,B,70,C,F
Ae,DA,2,3,A,C,70,C,F
Ae,DA,3,3,A,C,70,C,F
Ae,DA,4,3,A,B,70,C,F
Ae,DB,1,3,E,C,51,A,F
Ae,DB,2,3,E,A,51,A,F
Ae,DB,3,3,E,C,51,A,F
Ae,DB,4,4,E,A,51,A,F
Ae,DC,1,3,C,B,65,A,F
Ae,DC,2,2,C,B,65,A,F
Ae,DC,3,4,C,B,65,A,F
Ae,DC,4,3,E,B,65,A,F
Ae,DD,1,7,A,B,51,B,M
Ae,DD,2,6,A,B,51,B,M
Ae,DD,3,7,A,B,51,B,M
Ae,DD,4,7,A,B,51,B,M
Ae,DE,1,6,C,C,49,A,F
Ae,DE,2,3,C,C,49,A,F
Ae,DE,3,6,C,A,49,A,F
Ae,DE,4,6,C,A,49,A,F
Ae,DF,1,6,C,C,49,A,F
Ae,DF,2,3,C,A,49,A,F
Ae,DF,3,4,C,C,49,A,F
Ae,DF,4,5,C,B,49,A,F
Ae,DG,1,3,C,A,71,C,M
Ae,DG,2,2,C,A,71,C,M
Ae,DG,3,5,C,C,71,C,M
Ae,DG,4,6,C,A,71,C,M
Ae,DH,1,7,E,B,23,C,F
Ae,DH,2,6,E,B,23,C,F
Ae,DH,3,7,E,B,23,C,F
Ae,DH,4,6,E,B,23,C,F
Af,DI,1,2,C,C,38,A,F
Af,DI,2,3,C,C,38,A,F
Af,DI,3,3,C,C,38,A,F
Af,DI,4,3,C,C,38,A,F
Af,DJ,1,4,A,A,21,B,F
Af,DJ,2,5,C,A,21,B,F
Af,DJ,3,3,C,A,21,B,F
Af,DJ,4,2,C,A,21,B,F
Ag,DK,1,4,C,B,31,A,F
Ag,DK,2,3,C,B,31,A,F
Ag,DK,3,3,E,C,31,A,F
Ag,DK,4,3,E,A,31,A,F
Ag,DL,1,3,E,C,41,A,F
Ag,DL,2,3,E,A,41,A,F
Ag,DL,3,3,E,A,41,A,F
Ag,DL,4,3,E,A,41,A,F
Ag,DM,1,6,C,B,22,B,M
Ag,DM,2,6,C,B,22,B,M
Ag,DM,3,6,C,C,22,B,M
Ag,DM,4,7,C,B,22,B,M
Ag,DN,1,5,A,C,46,A,F
Ag,DN,2,5,A,C,46,A,F
Ag,DN,3,3,A,B,46,A,F
Ag,DN,4,5,A,B,46,A,F
Ah,DO,1,4,E,C,34,A,F
Ah,DO,2,2,E,B,34,A,F
Ah,DO,3,3,E,B,34,A,F
Ah,DO,4,5,E,B,34,A,F
Ah,DP,1,4,C,A,58,A,F
Ah,DP,2,3,C,A,58,A,F
Ah,DP,3,3,C,C,58,A,F
Ah,DP,4,3,C,C,58,A,F
Ah,DQ,1,5,C,B,39,A,M
Ah,DQ,2,4,C,B,39,A,M
Ah,DQ,3,7,C,B,39,A,M
Ah,DQ,4,7,C,B,39,A,M
Ah,DR,1,7,C,A,51,A,M
Ah,DR,2,7,C,A,51,A,M
Ah,DR,3,7,C,A,51,A,M
Ah,DR,4,7,C,A,51,A,M
Ah,DS,1,4,E,C,34,B,F
Ah,DS,2,3,E,A,34,B,F
Ah,DS,3,3,E,B,34,B,F
Ah,DS,4,3,E,B,34,B,F
Ah,DT,1,1,C,B,29,B,M
Ah,DT,2,1,C,A,29,B,M
Ah,DT,3,1,C,A,29,B,M
Ah,DT,4,1,C,C,29,B,M
Ah,DU,1,7,B,A,53,A,M
Ah,DU,2,7,B,A,53,A,M
Ah,DU,3,7,D,C,53,A,M
Ah,DU,4,7,E,A,53,A,M
Ah,DV,1,3,A,A,52,D,F
Ah,DV,2,2,A,A,52,D,F
Ah,DV,3,7,A,A,52,D,F
Ah,DV,4,3,A,A,52,D,F
Ah,DW,1,3,C,C,24,A,F
Ah,DW,2,3,C,C,24,A,F
Ah,DW,3,4,C,C,24,A,F
Ah,DW,4,4,C,C,24,A,F
Ah,DX,1,3,C,B,39,B,F
Ah,DX,2,7,C,B,39,B,F
Ah,DX,3,7,C,B,39,B,F
Ah,DX,4,6,C,B,39,B,F
Ai,DY,1,3,A,A,40,C,M
Ai,DY,2,3,A,A,40,C,M
Ai,DY,3,1,A,A,40,C,M
Ai,DY,4,4,A,A,40,C,M
Ai,DZ,1,7,A,A,25,A,F
Ai,DZ,2,6,A,A,25,A,F
Ai,DZ,3,6,A,A,25,A,F
Ai,DZ,4,7,A,A,25,A,F
Ai,Da,1,7,C,B,39,A,F
Ai,Da,2,7,C,B,39,A,F
Ai,Da,3,7,C,C,39,A,F
Ai,Da,4,7,C,C,39,A,F
Ai,Db,1,5,C,C,42,A,M
Ai,Db,2,3,C,C,42,A,M
Ai,Db,3,4,C,C,42,A,M
Ai,Db,4,5,C,B,42,A,M
Ai,Dc,1,7,B,A,19,B,M
Ai,Dc,2,2,D,A,19,B,M
Ai,Dc,3,3,D,A,19,B,M
Ai,Dc,4,7,D,A,19,B,M
Ai,Dd,1,7,C,A,35,A,F
Ai,Dd,2,3,C,A,35,A,F
Ai,Dd,3,3,C,A,35,A,F
Ai,Dd,4,3,C,A,35,A,F
Ai,De,1,4,C,C,29,A,F
Ai,De,2,3,C,B,29,A,F
Ai,De,3,7,C,C,29,A,F
Ai,De,4,5,E,C,29,A,F
Ai,Df,1,7,E,A,37,B,F
Ai,Df,2,5,E,C,37,B,F
Ai,Df,3,6,E,A,37,B,F
Ai,Df,4,6,E,B,37,B,F
Aj,Dg,1,7,C,B,36,A,M
Aj,Dg,2,7,C,B,36,A,M
Aj,Dg,3,7,C,B,36,A,M
Aj,Dg,4,7,C,B,36,A,M
Aj,Dh,1,7,B,B,25,B,F
Aj,Dh,2,7,D,B,25,B,F
Aj,Dh,3,7,D,B,25,B,F
Aj,Dh,4,7,D,B,25,B,F
Aj,Di,1,7,C,B,40,C,M
Aj,Di,2,4,C,B,40,C,M
Aj,Di,3,6,C,B,40,C,M
Aj,Di,4,6,C,B,40,C,M
Aj,Dj,1,3,C,B,51,C,F
Aj,Dj,2,7,E,B,51,C,F
Aj,Dj,3,7,C,B,51,C,F
Aj,Dj,4,7,C,B,51,C,F
Ak,Dk,1,6,C,C,31,A,M
Ak,Dk,2,7,C,A,31,A,M
Ak,Dk,3,7,C,A,31,A,M
Ak,Dk,4,3,C,A,31,A,M
Ak,Dl,1,6,C,B,69,A,F
Ak,Dl,2,7,C,B,69,A,F
Ak,Dl,3,5,C,B,69,A,F
Ak,Dl,4,6,C,B,69,A,F
Ak,Dm,1,7,C,B,63,A,M
Ak,Dm,2,7,C,B,63,A,M
Ak,Dm,3,7,C,B,63,A,M
Ak,Dm,4,7,C,B,63,A,M
Ak,Dn,1,5,C,C,58,A,F
Ak,Dn,2,7,C,C,58,A,F
Ak,Dn,3,7,C,C,58,A,F
Ak,Dn,4,6,C,C,58,A,F
Ak,Do,1,7,C,B,37,B,M
Ak,Do,2,6,C,B,37,B,M
Ak,Do,3,7,C,B,37,B,M
Ak,Do,4,7,C,B,37,B,M
Al,Dp,1,2,C,B,35,C,M
Al,Dp,2,2,C,B,35,C,M
Al,Dp,3,2,C,B,35,C,M
Al,Dp,4,2,E,B,35,C,M
Al,Dq,1,6,C,B,24,B,F
Al,Dq,2,4,C,B,24,B,F
Al,Dq,3,5,C,B,24,B,F
Al,Dq,4,5,C,B,24,B,F
Am,Dr,1,6,E,B,24,C,F
Am,Dr,2,3,E,B,24,C,F
Am,Dr,3,4,E,B,24,C,F
Am,Dr,4,4,E,B,24,C,F
Am,Ds,1,7,D,A,36,B,F
Am,Ds,2,4,E,A,36,B,F
Am,Ds,3,4,A,A,36,B,F
Am,Ds,4,6,A,A,36,B,F
Am,Dt,1,7,E,A,54,A,M
Am,Dt,2,7,E,A,54,A,M
Am,Dt,3,6,E,A,54,A,M
Am,Dt,4,6,E,A,54,A,M
Am,Du,1,7,C,B,28,C,F
Am,Du,2,7,C,B,28,C,F
Am,Du,3,6,C,B,28,C,F
Am,Du,4,7,C,B,28,C,F
Am,Dv,1,7,A,C,36,A,F
Am,Dv,2,7,A,A,36,A,F
Am,Dv,3,7,A,A,36,A,F
Am,Dv,4,7,A,A,36,A,F
An,Dw,1,7,E,B,51,B,M
An,Dw,2,7,E,B,51,B,M
An,Dw,3,7,E,B,51,B,M
An,Dw,4,7,E,B,51,B,M
An,Dx,1,7,E,A,40,A,M
An,Dx,2,5,E,A,40,A,M
An,Dx,3,3,E,C,40,A,M
An,Dx,4,6,E,A,40,A,M
An,Dy,1,7,C,C,25,B,F
An,Dy,2,7,C,A,25,B,F
An,Dy,3,6,C,C,25,B,F
An,Dy,4,7,C,C,25,B,F
An,Dz,1,7,E,B,33,B,M
An,Dz,2,7,E,C,33,B,M
An,Dz,3,7,E,B,33,B,M
An,Dz,4,7,E,C,33,B,M
An,E0,1,5,A,A,64,D,F
An,E0,2,4,A,A,64,D,F
An,E0,3,0,A,A,64,D,F
An,E0,4,6,A,A,64,D,F
Ao,E1,1,3,C,B,41,A,M
Ao,E1,2,5,C,B,41,A,M
Ao,E1,3,2,E,A,41,A,M
Ao,E1,4,2,E,B,41,A,M
Ao,E2,1,5,C,C,36,A,F
Ao,E2,2,4,C,C,36,A,F
Ao,E2,3,7,C,B,36,A,F
Ao,E2,4,6,C,B,36,A,F
Ao,E3,1,7,C,A,56,A,F
Ao,E3,2,2,C,A,56,A,F
Ao,E3,3,7,C,A,56,A,F
Ao,E3,4,6,C,A,56,A,F
Ap,E4,1,3,A,C,36,B,M
Ap,E4,2,4,E,A,36,B,M
Ap,E4,3,4,E,C,36,B,M
Ap,E4,4,7,A,C,36,B,M
Ap,E5,1,7,C,C,66,B,F
Ap,E5,2,6,C,A,66,B,F
Ap,E5,3,7,C,A,66,B,F
Ap,E5,4,7,E,A,66,B,F
Ap,E6,1,6,C,B,38,A,F
Ap,E6,2,6,C,B,38,A,F
Ap,E6,3,4,C,B,38,A,F
Ap,E6,4,7,C,B,38,A,F
Aq,E7,1,4,C,C,60,A,M
Aq,E7,2,5,C,C,60,A,M
Aq,E7,3,6,C,C,60,A,M
Aq,E7,4,7,C,C,60,A,M
Aq,E8,1,5,C,A,69,A,M
Aq,E8,2,5,C,A,69,A,M
Aq,E8,3,7,C,A,69,A,M
Aq,E8,4,7,C,A,69,A,M
Aq,E9,1,3,A,A,41,A,F
Aq,E9,2,7,A,A,41,A,F
Aq,E9,3,7,A,A,41,A,F
Aq,E9,4,7,A,A,41,A,F
Aq,EA,1,2,C,C,55,A,M
Aq,EA,2,2,C,C,55,A,M
Aq,EA,3,2,C,C,55,A,M
Aq,EA,4,3,C,C,55,A,M
Ar,EB,1,5,E,A,70,A,F
Ar,EB,2,5,A,A,70,A,F
Ar,EB,3,7,A,A,70,A,F
Ar,EB,4,5,A,A,70,A,F
Ar,EC,1,5,E,A,57,A,F
Ar,EC,2,4,A,C,57,A,F
Ar,EC,3,4,A,B,57,A,F
Ar,EC,4,5,A,A,57,A,F
Ar,ED,1,5,A,A,18,A,M
Ar,ED,2,2,A,A,18,A,M
Ar,ED,3,7,A,A,18,A,M
Ar,ED,4,7,A,A,18,A,M
Ar,EE,1,3,A,A,40,D,F
Ar,EE,2,4,A,A,40,D,F
Ar,EE,3,4,A,A,40,D,F
Ar,EE,4,6,A,A,40,D,F
Ar,EF,1,3,E,A,65,C,M
Ar,EF,2,3,C,A,65,C,M
Ar,EF,3,5,E,C,65,C,M
Ar,EF,4,7,C,A,65,C,M
